period,breadth
2006-10-31,0.0
2006-11-30,0.0
2006-12-31,0.0
2007-01-31,0.0
2007-02-28,0.6813627254509018
2007-03-31,0.5951903807615231
2007-04-30,0.5811623246492986
2007-05-31,0.717434869739479
2007-06-30,0.7535070140280561
2007-07-31,0.6212424849699398
2007-08-31,0.4228456913827655
2007-09-30,0.4088176352705411
2007-10-31,0.48296593186372744
2007-11-30,0.49500998003992014
2007-12-31,0.3787575150300601
2008-01-31,0.33867735470941884
2008-02-29,0.17234468937875752
2008-03-31,0.174
2008-04-30,0.20440881763527055
2008-05-31,0.3406813627254509
2008-06-30,0.4168336673346693
2008-07-31,0.23246492985971945
2008-08-31,0.2745490981963928
2008-09-30,0.364
2008-10-31,0.21042084168336672
2008-11-30,0.05
2008-12-31,0.03006012024048096
2009-01-31,0.03807615230460922
2009-02-28,0.03406813627254509
2009-03-31,0.02404809619238477
2009-04-30,0.09218436873747494
2009-05-31,0.358
2009-06-30,0.6092184368737475
2009-07-31,0.7054108216432866
2009-08-31,0.8777555110220441
2009-09-30,0.905811623246493
2009-10-31,0.9298597194388778
2009-11-30,0.858
2009-12-31,0.872
2010-01-31,0.886
2010-02-28,0.7775551102204409
2010-03-31,0.786
2010-04-30,0.882
2010-05-31,0.858
2010-06-30,0.54
2010-07-31,0.280561122244489
2010-08-31,0.5270541082164328
2010-09-30,0.3346693386773547
2010-10-31,0.6833667334669339
2010-11-30,0.7374749498997996
2010-12-31,0.7134268537074149
2011-01-31,0.8837675350701403
2011-02-28,0.8877755511022044
2011-03-31,0.898
2011-04-30,0.8777555110220441
2011-05-31,0.9018036072144289
2011-06-30,0.811623246492986
2011-07-31,0.6533066132264529
2011-08-31,0.4188376753507014
2011-09-30,0.26452905811623245
2011-10-31,0.14228456913827656
2011-11-30,0.3587174348697395
2011-12-31,0.35528942115768464
2012-01-31,0.4188376753507014
2012-02-29,0.6432865731462926
2012-03-31,0.779559118236473
2012-04-30,0.843687374749499
2012-05-31,0.788
2012-06-30,0.46893787575150303
2012-07-31,0.5450901803607214
2012-08-31,0.5290581162324649
2012-09-30,0.6012024048096193
2012-10-31,0.6432865731462926
2012-11-30,0.5791583166332666
2012-12-31,0.6072144288577155
2013-01-31,0.6813627254509018
2013-02-28,0.84
2013-03-31,0.7955911823647295
2013-04-30,0.8677354709418837
2013-05-31,0.8597194388777555
2013-06-30,0.8697394789579158
2013-07-31,0.779559118236473
2013-08-31,0.8276553106212425
2013-09-30,0.6813627254509018
2013-10-31,0.7274549098196392
2013-11-30,0.7995991983967936
2013-12-31,0.7835671342685371
2014-01-31,0.798
2014-02-28,0.6633266533066132
2014-03-31,0.7835671342685371
2014-04-30,0.7225548902195609
2014-05-31,0.694
2014-06-30,0.6913827655310621
2014-07-31,0.7935871743486974
2014-08-31,0.588
2014-09-30,0.774
2014-10-31,0.57
2014-11-30,0.6520874751491054
2014-12-31,0.6952191235059761
2015-01-31,0.701195219123506
2015-02-28,0.5298804780876494
2015-03-31,0.7151394422310757
2015-04-30,0.6115537848605578
2015-05-31,0.5976095617529881
2015-06-30,0.5734126984126984
2015-07-31,0.44621513944223107
2015-08-31,0.4860557768924303
2015-09-30,0.2594059405940594
2015-10-31,0.21584158415841584
2015-11-30,0.46047430830039526
2015-12-31,0.5119047619047619
2016-01-31,0.42292490118577075
2016-02-29,0.26534653465346536
2016-03-31,0.3194444444444444
2016-04-30,0.598019801980198
2016-05-31,0.6653465346534654
2016-06-30,0.6962524654832347
2016-07-31,0.6297029702970297
2016-08-31,0.7465346534653465
2016-09-30,0.7603960396039604
2016-10-31,0.6871287128712872
2016-11-30,0.5148514851485149
2016-12-31,0.5663366336633663
2017-07-31,0.5948616600790514
2017-08-31,0.6818181818181818
2017-09-30,0.6495049504950495
2017-10-31,0.6758893280632411
2017-11-30,0.6693069306930693
2017-12-31,0.7599206349206349
2018-01-31,0.7782178217821782
2018-02-28,0.7980198019801981
2018-03-31,0.6158415841584158
2018-04-30,0.5188118811881188
2018-05-31,0.45742574257425744
2018-06-30,0.4633663366336634
2018-07-31,0.500990099009901
2018-08-31,0.6257425742574257
2018-09-30,0.642292490118577
2018-10-31,0.6435643564356436
2018-11-30,0.3801980198019802
2018-12-31,0.4525691699604743
2019-01-31,0.17623762376237623
2019-02-28,0.41304347826086957
2019-03-31,0.5881188118811881
2019-04-30,0.5584158415841585
2019-05-31,0.7148514851485148
2019-06-30,0.4752475247524752
2019-07-31,0.7306930693069307
2019-08-31,0.700990099009901
2019-09-30,0.5366336633663367
2019-10-31,0.6376237623762376
2019-11-30,0.6482213438735178
2019-12-31,0.7267326732673267
2020-01-31,0.7762376237623763
2020-02-29,0.6613861386138614
2020-03-31,0.21188118811881188
2020-04-30,0.07920792079207921
2020-05-31,0.2396039603960396
2020-06-30,0.4031620553359684
2020-07-31,0.3794466403162055
2020-08-31,0.5287128712871287
2020-09-30,0.6297029702970297
2020-10-31,0.6079207920792079
2020-11-30,0.6217821782178218
2020-12-31,0.883399209486166
2021-01-31,0.8831683168316832
2021-02-28,0.807920792079208
2021-03-31,0.7663366336633664
2021-04-30,0.8831683168316832
2021-05-31,0.9207920792079208
2021-06-30,0.904950495049505
2021-07-31,0.899009900990099
2021-08-31,0.8297029702970297
2021-09-30,0.7702970297029703
2021-10-31,0.5683168316831683
2021-11-30,0.6475247524752475
2021-12-31,0.5089108910891089
2022-01-31,0.689108910891089
2022-02-28,0.4880952380952381
2022-03-31,0.42574257425742573
2022-04-30,0.49603174603174605
2022-05-31,0.3492063492063492
2022-06-30,0.3499005964214712
2022-07-31,0.1848906560636183
2022-08-31,0.3220675944333996
2022-09-30,0.24158415841584158
2022-10-31,0.11530815109343936
2022-11-30,0.3630952380952381
2022-12-31,0.5641025641025641
2023-01-31,0.5119047619047619
2023-02-28,0.658051689860835
2023-03-31,0.5988142292490118
2023-04-30,0.49502982107355864
2023-05-31,0.5148514851485149
2023-06-30,0.4158415841584158
2023-07-31,0.5584158415841585
2023-08-31,0.6884920634920635
2023-09-30,0.5346534653465347
2023-10-31,0.37549407114624506
2023-11-30,0.2624254473161034
2023-12-31,0.5533596837944664
2024-01-31,0.7654075546719682
2024-02-29,0.7306930693069307
2024-03-31,0.6923076923076923
2024-04-30,0.8316831683168316
2024-05-31,0.7341269841269841
2024-06-30,0.6383399209486166
2024-07-31,0.6309523809523809
2024-08-31,0.705765407554672
2024-09-30,0.6936758893280632
2024-10-31,0.7554671968190855
2024-11-30,0.6646825396825397
2024-12-31,0.7154150197628458
2025-01-31,0.5
2025-02-28,0.5711462450592886
2025-03-31,0.5009861932938856
2025-04-30,0.3518886679920477
2025-05-31,0.29108910891089107
2025-06-30,0.4305555555555556
2025-07-31,0.4930966469428008
2025-08-31,0.5762376237623762
2025-09-30,0.6324110671936759
2025-10-31,0.6170634920634921
2025-11-30,0.5276679841897233
2025-12-31,0.5601577909270217
2026-01-31,0.5722772277227722
2026-02-28,0.6071428571428571
2026-03-31,0.6351084812623274
2026-04-30,0.3774703557312253
2026-05-31,0.525691699604743
2026-06-30,0.5425742574257426
