Date,USDKRW,USDTWD,USDTHB
2017-12-25,1077.109985,29.879,32.722
2017-12-26,1076.359985,29.900999,32.700001
2017-12-27,1075.040039,29.934999,32.761002
2017-12-28,1073.550049,29.934999,32.779999
2017-12-29,1069.48999,29.809,32.666
2018-01-01,1066.069946,29.650999,31.855
2018-01-02,1065.219971,29.773001,32.530998
2018-01-03,1062.540039,29.622,32.41
2018-01-04,1063.939941,29.593,32.321999
2018-01-05,1061.079956,29.57,32.227001
2018-01-08,1060.5,29.466999,32.152
2018-01-09,1067.689941,29.503,32.214001
2018-01-10,1071.73999,29.518,32.257
2018-01-11,1069.670044,29.596001,32.118
2018-01-12,1065.140015,29.587999,32.000999
2018-01-15,1055.800049,29.583,31.91
2018-01-16,1061.819946,29.523001,31.902
2018-01-17,1062.459961,29.549999,31.884001
2018-01-18,1066.560059,29.556,31.98
2018-01-19,1069.689941,29.542999,31.9
2018-01-22,1066.359985,29.364,31.839001
2018-01-23,1068.810059,29.261999,31.84
2018-01-24,1072.76001,29.268,31.757999
2018-01-25,1064.400024,29.087999,31.546
2018-01-26,1064.890015,29.063999,31.476
2018-01-29,1063.130005,29.098,31.33
2018-01-30,1069.790039,29.131001,31.396999
2018-01-31,1072.540039,29.219999,31.396999
2018-02-01,1069.02002,29.142,31.32
2018-02-02,1071.180054,29.187,31.299999
2018-02-05,1090.01001,29.346001,31.459999
2018-02-06,1093.300049,29.301001,31.608
2018-02-07,1079.26001,29.375,31.507
2018-02-08,1089.420044,29.264,31.65
2018-02-09,1095.859985,29.368999,31.888
2018-02-12,1083.170044,29.306,31.709999
2018-02-13,1082.609985,29.396,31.6
2018-02-14,1083.77002,29.339001,31.448
2018-02-15,1070.01001,29.136,31.294001
2018-02-16,1063.069946,28.941999,31.26
2018-02-19,1065.630005,29.061001,31.266001
2018-02-20,1066.709961,29.021999,31.353001
2018-02-21,1072.540039,29.319,31.500999
2018-02-22,1074.859985,29.218,31.544001
2018-02-23,1080.079956,29.281,31.459999
2018-02-26,1075,28.479,31.412001
2018-02-27,1069.699951,29.202,31.274
2018-02-28,1079.390015,29.274,31.469999
2018-03-01,1085.349976,29.333,31.473
2018-03-02,1081.949951,29.289,31.459999
2018-03-05,1079.209961,29.268,31.429001
2018-03-06,1076.660034,29.257,31.389999
2018-03-07,1063.160034,29.198999,31.35
2018-03-08,1066.150024,29.257,31.306999
2018-03-09,1073.459961,29.329,31.353001
2018-03-12,1064.050049,29.247999,31.299999
2018-03-13,1063.859985,29.256001,31.27
2018-03-14,1066.400024,29.257,31.219999
2018-03-15,1062.550049,29.173,31.143999
2018-03-16,1068.75,29.128,31.205
2018-03-19,1070.209961,29.113001,31.209999
2018-03-20,1072.160034,29.157,31.197001
2018-03-21,1070.550049,29.145,31.194
2018-03-22,1063.959961,29.072001,31.135
2018-03-23,1079.900024,29.177,31.27
2018-03-26,1082.530029,29.177,31.190001
2018-03-27,1074.300049,29.075001,31.118999
2018-03-28,1074.119995,29.177,31.179001
2018-03-29,1063.410034,29.136999,31.278
2018-03-30,1062,29.101999,31.222
2018-04-02,1060.98999,28.974001,31.164
2018-04-03,1056.160034,29.142,31.223
2018-04-04,1053.72998,29.122999,31.18
2018-04-05,1057.430054,29.212,31.212999
2018-04-06,1061.640015,29.238001,31.275
2018-04-09,1070.459961,29.309999,31.290001
2018-04-10,1068.77002,29.242001,31.247999
2018-04-11,1063.380005,29.190001,31.197001
2018-04-12,1065.75,29.186001,31.127001
2018-04-13,1069.97998,29.284,31.204
2018-04-16,1070.660034,29.309,31.172001
2018-04-17,1069.52002,29.346001,31.190001
2018-04-18,1066.089966,29.374001,31.190001
2018-04-19,1064.069946,29.280001,31.190001
2018-04-20,1066.23999,29.382999,31.231001
2018-04-23,1071.410034,29.468,31.336
2018-04-24,1080.180054,29.598,31.545
2018-04-25,1076.75,29.612,31.417
2018-04-26,1081.170044,29.677999,31.52
2018-04-27,1076.790039,29.632999,31.58
2018-04-30,1067.599976,29.540001,31.506001
2018-05-01,1069.449951,29.625999,31.538
2018-05-02,1072.52002,29.697001,31.690001
2018-05-03,1078.810059,29.773001,31.77
2018-05-04,1074.119995,29.667999,31.607
2018-05-07,1073.329956,29.674,31.742001
2018-05-08,1078.390015,29.813,31.83
2018-05-09,1077.560059,29.804001,31.950001
2018-05-10,1077.97998,29.884001,32.173
2018-05-11,1064.369995,29.702,31.944
2018-05-14,1065.949951,29.667999,31.889999
2018-05-15,1069.160034,29.794001,31.895
2018-05-16,1078.859985,29.885,32.094002
2018-05-17,1076.48999,29.809,31.98
2018-05-18,1080.910034,29.895,32.077
2018-05-21,1080.51001,29.926001,32.150002
2018-05-22,1076.51001,29.919001,32.147999
2018-05-23,1074.199951,29.833,32.009998
2018-05-24,1074.790039,29.914,32.071999
2018-05-25,1079.22998,29.912001,32
2018-05-28,1073.650024,29.945,31.891001
2018-05-29,1073.170044,29.893999,31.98
2018-05-30,1083.930054,30.059999,32.099998
2018-05-31,1075.030029,29.896,32.029999
2018-06-01,1079.949951,29.969999,32.07
2018-06-04,1070.359985,29.804001,32.014999
2018-06-05,1070.530029,29.643,31.99
2018-06-06,1070.290039,29.799999,31.924
2018-06-07,1065.150024,29.677,31.889999
2018-06-08,1071.329956,29.757,32.014
2018-06-11,1072.650024,29.836,32.049999
2018-06-12,1076.380005,29.816,32.021999
2018-06-13,1079.25,29.801001,32.099998
2018-06-14,1084.699951,29.806,32.110001
2018-06-15,1090.77002,29.879,32.209999
2018-06-18,1103.819946,30.132,32.689999
2018-06-19,1104.160034,30.159,32.669998
2018-06-20,1111.119995,30.176001,32.720001
2018-06-21,1107.719971,30.162001,32.82
2018-06-22,1109.630005,30.319,32.875
2018-06-25,1110.530029,30.298,32.909
2018-06-26,1114.030029,30.341999,32.919998
2018-06-27,1117.599976,30.407,32.985001
2018-06-28,1122.780029,30.493,33.009998
2018-06-29,1120.540039,30.569,33.150002
2018-07-02,1114.51001,30.464001,33.032001
2018-07-03,1118.170044,30.535,33.16
2018-07-04,1113.339966,30.511,33.150002
2018-07-05,1114.310059,30.507,33.139999
2018-07-06,1117.76001,30.509001,33.209999
2018-07-09,1113.650024,30.427999,33.130001
2018-07-10,1112.47998,30.309,33.074001
2018-07-11,1112.560059,30.4,33.220001
2018-07-12,1127.170044,30.645,33.34
2018-07-13,1122.650024,30.479,33.220001
2018-07-16,1129.849976,30.566,33.313
2018-07-17,1126.900024,30.469999,33.256001
2018-07-18,1125.550049,30.485001,33.316002
2018-07-19,1131.089966,30.559999,33.278
2018-07-20,1134.47998,30.67,33.408001
2018-07-23,1127.160034,30.570999,33.299999
2018-07-24,1132.449951,30.57,33.403
2018-07-25,1127.97998,30.618999,33.332001
2018-07-26,1115.75,30.398001,33.200001
2018-07-27,1123.150024,30.603001,33.414001
2018-07-30,1114.599976,30.555,33.389999
2018-07-31,1116.670044,30.572001,33.258999
2018-08-01,1112.199951,30.570999,33.200001
2018-08-02,1118.599976,30.621,33.148998
2018-08-03,1128.150024,30.667999,33.290001
2018-08-06,1122.900024,30.573,33.240002
2018-08-07,1125.400024,30.572001,33.34
2018-08-08,1116.25,30.466999,33.179001
2018-08-09,1115.949951,30.573,33.18
2018-08-10,1121.890015,30.591999,33.236
2018-08-13,1130.900024,30.731001,33.299999
2018-08-14,1135.969971,30.848,33.369999
2018-08-15,1126.75,30.809999,33.290001
2018-08-16,1136.380005,30.826,33.32
2018-08-17,1126.23999,30.743999,33.18
2018-08-20,1118.5,30.655001,33.172001
2018-08-21,1116.880005,30.705999,32.915001
2018-08-22,1116.099976,30.631001,32.652
2018-08-23,1117.5,30.667,32.709999
2018-08-24,1126.150024,30.813,32.860001
2018-08-27,1111.170044,30.66,32.574001
2018-08-28,1108.22998,30.677,32.511002
2018-08-29,1106.880005,30.589001,32.610001
2018-08-30,1108.449951,30.612,32.66
2018-08-31,1115.449951,30.683001,32.77
2018-09-03,1114.810059,30.669001,32.790001
2018-09-04,1113.5,30.73,32.669998
2018-09-05,1121.300049,30.714001,32.799999
2018-09-06,1118.099976,30.728001,32.757
2018-09-07,1124.699951,30.784,32.785999
2018-09-10,1126.849976,30.805,32.826
2018-09-11,1136.77002,30.782,32.799999
2018-09-12,1125.300049,30.742001,32.792999
2018-09-13,1125.75,30.718,32.709999
2018-09-14,1120.550049,30.697001,32.599998
2018-09-17,1120.900024,30.757,32.646
2018-09-18,1125.619995,30.799,32.66
2018-09-19,1120.800049,30.719,32.539001
2018-09-20,1122.25,30.67,32.390999
2018-09-21,1116.400024,30.711,32.316002
2018-09-24,1114.099976,30.615,32.43
2018-09-25,1117.849976,30.667,32.415001
2018-09-26,1115.829956,30.591,32.400002
2018-09-27,1114.170044,30.591,32.439999
2018-09-28,1112.310059,30.521,32.439999
2018-10-01,1109.01001,30.447001,32.311001
2018-10-02,1112.25,30.549999,32.259998
2018-10-03,1117.5,30.642,32.326
2018-10-04,1125.420044,30.731001,32.521999
2018-10-05,1132.900024,30.809,32.73
2018-10-08,1131.099976,30.900999,32.787998
2018-10-09,1133.199951,30.952999,32.880001
2018-10-10,1132.400024,30.941,32.869999
2018-10-11,1142.849976,31.069,32.959999
2018-10-12,1134.300049,30.943001,32.689999
2018-10-15,1131.189941,30.892,32.73
2018-10-16,1135.170044,30.825001,32.625
2018-10-17,1122.150024,30.768,32.507
2018-10-18,1127.099976,30.802,32.518002
2018-10-19,1136.599976,30.947001,32.637001
2018-10-22,1131.599976,30.885,32.59
2018-10-23,1131.25,30.844999,32.810001
2018-10-24,1136.640015,30.938,32.779999
2018-10-25,1137.560059,30.905001,32.939999
2018-10-26,1135.22998,30.881001,32.887001
2018-10-29,1139.5,30.962999,33.041
2018-10-30,1142.079956,30.896999,33.244999
2018-10-31,1137.699951,30.858,33.27
2018-11-01,1140.969971,30.931,33.091
2018-11-02,1129.050049,30.620001,32.91
2018-11-05,1116.099976,30.591999,32.830002
2018-11-06,1121.560059,30.695,32.93
2018-11-07,1119.949951,30.681999,32.91
2018-11-08,1115.369995,30.569,32.789001
2018-11-09,1119.569946,30.614,32.986
2018-11-12,1130.949951,30.774,33.080002
2018-11-13,1137.459961,30.889,33.152
2018-11-14,1131.130005,30.766001,32.93
2018-11-15,1131.199951,30.764,32.915001
2018-11-16,1127,30.788,32.939999
2018-11-19,1120.400024,30.77,32.834
2018-11-20,1126.189941,30.879999,32.882999
2018-11-21,1128.400024,30.941,32.962002
2018-11-22,1137.310059,30.848,32.900002
2018-11-23,1135.5,30.796,32.950001
2018-11-26,1133.5,30.905001,33.056
2018-11-27,1129.030029,30.851999,33.007999
2018-11-28,1130.369995,30.896,33.040001
2018-11-29,1121.119995,30.722,32.93
2018-11-30,1117.02002,30.642,32.91
2018-12-03,1117.150024,30.832001,32.84
2018-12-04,1108.300049,30.561001,32.737
2018-12-05,1110.630005,30.75,32.77
2018-12-06,1111.660034,30.708,32.740002
2018-12-07,1119.599976,30.82,32.812
2018-12-10,1122.699951,30.92,32.84
2018-12-11,1131.5,30.867001,32.863998
2018-12-12,1127.619995,30.754,32.786999
2018-12-13,1123.849976,30.674,32.73
2018-12-14,1127.02002,30.716,32.740002
2018-12-17,1131.650024,30.825001,32.814999
2018-12-18,1128.150024,30.724001,32.763
2018-12-19,1125.069946,30.67,32.723999
2018-12-20,1128.130005,30.816,32.736
2018-12-21,1120.030029,30.711,32.627998
2018-12-24,1127.5,30.795,32.630001
2018-12-25,1123.22998,30.790001,32.470001
2018-12-26,1122.630005,30.799,32.535999
2018-12-27,1123.52002,30.806,32.68
2018-12-28,1119.599976,30.767,32.523998
2018-12-31,1116.300049,30.552999,32.523998
2019-01-01,1112.5,30.565001,32.212002
2019-01-02,1113.800049,30.500999,32.333
2019-01-03,1122.180054,30.759001,32.27
2019-01-04,1124.119995,30.863001,32.175999
2019-01-07,1114.400024,30.783001,31.93
2019-01-08,1116.400024,30.802999,31.927
2019-01-09,1121.050049,30.816,32.012001
2019-01-10,1118.670044,30.711,31.888
2019-01-11,1116.550049,30.778999,31.91
2019-01-14,1118.599976,30.785999,31.931
2019-01-15,1122,30.834,31.91
2019-01-16,1122.400024,30.827999,31.889999
2019-01-17,1118.77002,30.764999,31.639
2019-01-18,1120.550049,30.827,31.684999
2019-01-21,1125.790039,30.853001,31.75
2019-01-22,1132.369995,30.875999,31.798
2019-01-23,1130.150024,30.877001,31.753
2019-01-24,1125.329956,30.858,31.677
2019-01-25,1126.75,30.874001,31.656
2019-01-28,1118.01001,30.708,31.518
2019-01-29,1119.699951,30.788,31.493999
2019-01-30,1117.869995,30.781,31.448
2019-01-31,1109,30.723,31.235001
2019-02-01,1111.550049,30.686001,31.235001
2019-02-04,1118.300049,30.763,31.274
2019-02-05,1121.099976,30.777,31.295
2019-02-06,1118.699951,30.729,31.214001
2019-02-07,1121.630005,30.787001,31.207001
2019-02-08,1123.75,30.808001,31.26
2019-02-11,1122.880005,30.82,30.778
2019-02-12,1125.02002,30.877001,31.382999
2019-02-13,1120.300049,30.792,31.261
2019-02-14,1123.719971,30.851999,31.35
2019-02-15,1128.300049,30.820999,31.290001
2019-02-18,1125.310059,30.812,31.252001
2019-02-19,1124.280029,30.818001,31.195999
2019-02-20,1121.420044,30.778999,31.122999
2019-02-21,1121.719971,30.792,31.1
2019-02-22,1124.150024,30.799,31.207001
2019-02-25,1122.310059,30.747,31.309999
2019-02-26,1117.199951,30.735001,31.26
2019-02-27,1114.300049,30.753,31.261
2019-02-28,1115.099976,30.777,31.429001
2019-03-01,1124.219971,30.825001,31.540001
2019-03-04,1126.810059,30.837,31.759001
2019-03-05,1128.150024,30.837999,31.84
2019-03-06,1126.199951,30.83,31.74
2019-03-07,1127,30.829,31.805
2019-03-08,1133.069946,30.907,31.860001
2019-03-11,1134.060059,30.891001,31.719999
2019-03-12,1130.77002,30.912001,31.653
2019-03-13,1127.27002,30.886999,31.643
2019-03-14,1129.589966,30.896,31.572001
2019-03-15,1135.420044,30.913,31.77
2019-03-18,1132.72998,30.889,31.674999
2019-03-19,1131.199951,30.764999,31.639999
2019-03-20,1129.719971,30.790001,31.67
2019-03-21,1125,30.745001,31.639999
2019-03-22,1127.77002,30.792999,31.73
2019-03-25,1135.140015,30.868,31.68
2019-03-26,1133.849976,30.816,31.509001
2019-03-27,1133.930054,30.839001,31.629999
2019-03-28,1138.5,30.882,31.870001
2019-03-29,1134.319946,30.851,31.791
2019-04-01,1136.699951,30.839001,31.719999
2019-04-02,1132.670044,30.816999,31.708
2019-04-03,1136.390015,30.829,31.757
2019-04-04,1133.530029,30.788,31.73
2019-04-05,1134.300049,30.792999,31.761
2019-04-08,1136.689941,30.789,31.907
2019-04-09,1141.109985,30.808001,31.865999
2019-04-10,1140.099976,30.816999,31.76
2019-04-11,1135.900024,30.837999,31.74
2019-04-12,1140.98999,30.851999,31.849001
2019-04-15,1133.430054,30.83,31.75
2019-04-16,1133.199951,30.854,31.767
2019-04-17,1135.699951,30.863001,31.808001
2019-04-18,1130.199951,30.761999,31.780001
2019-04-19,1136.109985,30.82,31.790001
2019-04-22,1134.5,30.806999,31.82
2019-04-23,1140.040039,30.84,31.889999
2019-04-24,1142,30.854,31.969999
2019-04-25,1155.26001,30.924,32.044998
2019-04-26,1159,30.923,32.054001
2019-04-29,1157.72998,30.902,31.93
2019-04-30,1158.790039,30.892,31.9
2019-05-01,1163.26001,30.886999,31.895
2019-05-02,1164.670044,30.907,31.948999
2019-05-03,1166.109985,30.889999,32.009998
2019-05-06,1163.329956,30.895,31.99
2019-05-07,1168.050049,30.91,31.879
2019-05-08,1171.300049,30.937,31.913
2019-05-09,1172.189941,30.945,31.780001
2019-05-10,1179.189941,31.002001,31.780001
2019-05-13,1174.420044,30.937,31.59
2019-05-14,1187.180054,31.105,31.646
2019-05-15,1186.930054,31.139,31.5
2019-05-16,1186.040039,31.077999,31.530001
2019-05-17,1190.48999,31.186001,31.631001
2019-05-20,1193.829956,31.365999,31.805
2019-05-21,1193.329956,31.379999,31.85
2019-05-22,null,null,null
2019-05-23,1188.800049,31.452999,31.929001
2019-05-24,1188.800049,31.514,31.870001
2019-05-27,1185,31.471001,31.809999
2019-05-28,1182.310059,31.452999,31.797001
2019-05-29,1187.579956,31.547001,31.868999
2019-05-30,1192.209961,31.615999,31.82
2019-05-31,1188.380005,31.577,31.790001
2019-06-03,1187.869995,31.521999,31.530001
2019-06-04,1178.349976,31.375999,31.32
2019-06-05,1176.050049,31.326,31.302
2019-06-06,1178.73999,31.299,31.365
2019-06-07,1177,31.27,31.32
2019-06-10,1180.76001,31.354,31.290001
2019-06-11,1182.099976,31.386,31.33
2019-06-12,1177.97998,31.363001,31.256001
2019-06-13,1183.430054,31.427,31.271999
2019-06-14,1181.079956,31.468,31.200001
2019-06-17,1185.890015,31.493,31.219999
2019-06-18,1185.349976,31.476,31.339001
2019-06-19,1173.579956,31.264999,31.215
2019-06-20,1170.300049,31.110001,31.177999
2019-06-21,1157.209961,30.875,30.860001
2019-06-24,1158.310059,30.945,30.780001
2019-06-25,1152.469971,30.836,30.622999
2019-06-26,1155.709961,30.969999,30.73
2019-06-27,1152.5,30.924999,30.74
2019-06-28,1155.51001,30.889,30.746
2019-07-01,1155.599976,30.879,30.610001
2019-07-02,1159.75,30.952999,30.65
2019-07-03,1165.579956,30.968,30.601999
2019-07-04,1168.869995,31.056,30.646
2019-07-05,1167.130005,31.013,30.641001
2019-07-08,1174.02002,31.169001,30.780001
2019-07-09,1179.849976,31.16,30.799999
2019-07-10,1181.47998,31.129,30.83
2019-07-11,1175.530029,31.035,30.68
2019-07-12,1174.079956,30.961,30.74
2019-07-15,1176.410034,31.052,30.9
2019-07-16,1178.430054,30.982,30.884001
2019-07-17,1177.880005,31.003,30.92
2019-07-18,1178.689941,31.000999,30.875
2019-07-19,1170.77002,30.9,30.804001
2019-07-22,1175.109985,31.032,30.870001
2019-07-23,1174.76001,31.044001,30.834
2019-07-24,1176.800049,31.01,30.9
2019-07-25,1176.550049,31.091999,30.9
2019-07-26,1182.390015,31.011999,30.969999
2019-07-29,1183.349976,31.082001,30.870001
2019-07-30,1181.849976,31.027,30.853001
2019-07-31,1180.650024,31.023001,30.766001
2019-08-01,1186.310059,31.146999,30.676001
2019-08-02,1194.75,31.306999,30.93
2019-08-05,1203.939941,31.450001,30.75
2019-08-06,1216.650024,31.694,30.816999
2019-08-07,1212.530029,31.427,30.714001
2019-08-08,1212.22998,31.421,30.794001
2019-08-09,1207.030029,31.235001,30.722
2019-08-12,1213.199951,31.365999,30.77
2019-08-13,1217.630005,31.427999,30.82
2019-08-14,1204.72998,31.094,30.778
2019-08-15,1215.640015,31.358,30.83
2019-08-16,1211.5,31.228001,30.84
2019-08-19,1207.48999,31.301001,30.881001
2019-08-20,1210.530029,31.35,30.872999
2019-08-21,1205.280029,31.312,30.790001
2019-08-22,1201.319946,31.282,30.774
2019-08-23,1208.560059,31.302,30.764999
2019-08-26,1212.650024,31.419001,30.694
2019-08-27,1210.72998,31.374001,30.6
2019-08-28,1210.76001,31.327999,30.594999
2019-08-29,1211.369995,31.403999,30.620001
2019-08-30,1207.160034,31.271,30.632
2019-09-02,1209.150024,31.333,30.615999
2019-09-03,1212.77002,31.361,30.629999
2019-09-04,1210.47998,31.351,30.59
2019-09-05,1202.689941,31.167999,30.527
2019-09-06,1196,31.17,30.68
2019-09-09,1191.619995,31.181,30.650999
2019-09-10,1190.859985,31.174999,30.629999
2019-09-11,1189.5,31.084999,30.615999
2019-09-12,1189.800049,31.035,30.562
2019-09-13,1180.75,30.754999,30.48
2019-09-16,1178.719971,30.915001,30.473
2019-09-17,1183.290039,30.886999,30.523001
2019-09-18,1185.650024,30.849001,30.5
2019-09-19,1189.550049,30.962,30.540001
2019-09-20,1193.859985,30.865,30.528
2019-09-23,1193.130005,30.987,30.48
2019-09-24,1193.01001,30.940001,30.436001
2019-09-25,1193.939941,30.924999,30.540001
2019-09-26,1197.890015,30.947001,30.58
2019-09-27,1198.630005,30.93,30.629999
2019-09-30,1201.910034,31.033001,30.599001
2019-10-01,1198,31.034,30.610001
2019-10-02,1201.689941,31.024,30.610001
2019-10-03,1203.569946,31.055,30.583
2019-10-04,1200.079956,30.915001,30.52
2019-10-07,1191.329956,30.848,30.42
2019-10-08,1195.76001,30.785999,30.469999
2019-10-09,1198.369995,30.74,30.389
2019-10-10,1196.780029,30.658001,30.311001
2019-10-11,1188.810059,30.5,30.41
2019-10-14,1182.48999,30.625999,30.379999
2019-10-15,1182.300049,30.594,30.389999
2019-10-16,1183.930054,30.481001,30.429001
2019-10-17,1184.829956,30.51,30.360001
2019-10-18,1177.27002,30.607,30.305
2019-10-21,1178.079956,30.537001,30.299999
2019-10-22,1171.400024,30.518999,30.263317
2019-10-23,1171.26001,30.459999,30.280001
2019-10-24,1169.699951,30.573999,30.27
2019-10-25,1174.25,30.493,30.250893
2019-10-28,1170.819946,30.562,30.16
2019-10-29,1166.76001,30.527,30.219999
2019-10-30,1165.75,30.399,30.24
2019-10-31,1163.699951,30.215,30.182684
2019-11-01,1168.550049,30.483999,30.16
2019-11-04,1163.800049,30.434999,30.16
2019-11-05,1161.810059,30.327,30.211046
2019-11-06,1155.199951,30.309999,30.219919
2019-11-07,1160.079956,30.371,30.290001
2019-11-08,1158.599976,30.247,30.413748
2019-11-11,1158.599976,30.381001,30.351221
2019-11-12,1163.900024,30.412001,30.340687
2019-11-13,1164.949951,30.379999,30.332001
2019-11-14,1169.859985,30.459,30.236044
2019-11-15,1167.52002,30.431,30.200001
2019-11-18,1162.329956,30.49,30.232222
2019-11-19,1165.689941,30.438999,30.190001
2019-11-20,1165.819946,30.434999,30.183001
2019-11-21,1168.26001,30.448,30.183001
2019-11-22,1175.22998,30.447001,30.209999
2019-11-25,1179.48999,30.559,30.209103
2019-11-26,1172.410034,30.451,30.199354
2019-11-27,1172.599976,30.440001,30.183067
2019-11-28,1175.359985,30.462,30.234879
2019-11-29,1177.01001,30.424,30.219999
2019-12-02,1181.469971,30.528999,30.184004
2019-12-03,1183.790039,30.434,30.266985
2019-12-04,1187.630005,30.445,30.242872
2019-12-05,1189.459961,30.468,30.280001
2019-12-06,1187.97998,30.414,30.360001
2019-12-09,1186.109985,30.422001,30.325329
2019-12-10,1188.680054,30.396999,30.304371
2019-12-11,1189.069946,30.452,30.299215
2019-12-12,1187.930054,30.344999,30.23
2019-12-13,1169.589966,30.187,30.15
2019-12-16,1172.530029,30.219999,30.188
2019-12-17,1167.459961,30.097,30.210026
2019-12-18,1162.780029,30.018,30.222265
2019-12-19,1164.359985,30.035,30.212999
2019-12-20,1161.060059,30.149,30.200001
2019-12-23,1159.300049,30.125,30.188999
2019-12-24,1161.569946,30.139,30.15
2019-12-25,1162.22998,30,30.15
2019-12-26,1159.75,29.9,30.155001
2019-12-27,1161.199951,30.076,30.16
2019-12-30,1160.680054,30.083,30.141001
2019-12-31,1156.349976,30.073999,29.969999
2020-01-01,1153.75,29.898001,29.68
2020-01-02,1153.969971,29.844,30.059999
2020-01-03,1157.150024,29.9,30.139999
2020-01-06,1165.849976,30.035,30.143999
2020-01-07,1167.420044,30.047001,30.139999
2020-01-08,1166.459961,29.985001,30.290001
2020-01-09,1161.26001,30.01,30.34
2020-01-10,1157.810059,29.943001,30.26
2020-01-13,1156.930054,29.962,30.212
2020-01-14,1153.939941,29.874001,30.200001
2020-01-15,1157.050049,29.826,30.27
2020-01-16,1156.780029,29.933001,30.275999
2020-01-17,1158.77002,29.899,30.35
2020-01-20,1160.359985,29.950001,30.389999
2020-01-21,1157.569946,29.891001,30.33
2020-01-22,1168.73999,30.042,30.389999
2020-01-23,1163.72998,29.919001,30.375999
2020-01-24,1167.599976,29.975,30.5
2020-01-27,1169.150024,30.02,30.632999
2020-01-28,1176.72998,30.094999,30.709
2020-01-29,1174.280029,30.004999,30.780001
2020-01-30,1178.079956,30.091,30.969999
2020-01-31,1187.119995,30.205,31.120001
2020-02-03,1194.869995,30.346001,31.164
2020-02-04,1189.359985,30.24,31.07
2020-02-05,1182.47998,30.028,30.99
2020-02-06,1183.459961,29.951,30.99
2020-02-07,1184.25,30.030001,31.16
2020-02-10,1191.089966,30.177,31.358
2020-02-11,1185.630005,30.025999,31.278999
2020-02-12,1180.719971,29.948999,31.190001
2020-02-13,1177.959961,29.91,31.190001
2020-02-14,1183.469971,29.985001,31.15
2020-02-17,1182.180054,30.014999,31.148001
2020-02-18,1183.810059,30.016001,31.18
2020-02-19,1189.930054,30.055,31.17
2020-02-20,1191.369995,30.171,31.209999
2020-02-21,1204.400024,30.225,31.469999
2020-02-24,1205.77002,30.386999,31.681999
2020-02-25,1217.650024,30.341999,31.65
2020-02-26,1214.550049,30.413,31.73
2020-02-27,1211.359985,30.208,31.84
2020-02-28,1211.310059,30.193001,31.65
2020-03-02,1200.099976,30.124001,31.475
2020-03-03,1188.280029,29.805,31.431999
2020-03-04,1186.339966,29.77,31.41
2020-03-05,1183.680054,29.75,31.33
2020-03-06,1187.469971,29.884001,31.572001
2020-03-09,1187.699951,29.900999,31.371
2020-03-10,1199.959961,29.985001,31.441
2020-03-11,1184.699951,29.74,31.440001
2020-03-12,1189.390015,30.069,31.5
2020-03-13,1209.969971,29.948,31.719999
2020-03-16,1210.800049,30.107,31.607
2020-03-17,1232.040039,30.236,32.16
2020-03-18,1237.98999,30.030001,32.189999
2020-03-19,1255.349976,30.125,32.487
2020-03-20,1256.880005,30.320999,32.566002
2020-03-23,1253.949951,30.268999,32.799
2020-03-24,1262.930054,30.216,32.779999
2020-03-25,1228.599976,30.145,32.748001
2020-03-26,1231.079956,30.253,32.761002
2020-03-27,1212.189941,30.131001,32.599998
2020-03-30,1211.630005,30.167,32.507
2020-03-31,1222.699951,30.030001,32.639999
2020-04-01,1216.660034,30.23,32.654999
2020-04-02,1234.72998,30.218,33.080002
2020-04-03,1226.849976,30.080999,32.919998
2020-04-06,1235.800049,30.25,32.970001
2020-04-07,1223.099976,30.08,32.790001
2020-04-08,1215.310059,30.097,32.745998
2020-04-09,1214.75,30.066999,32.737
2020-04-10,1209.51001,30.066999,32.68
2020-04-13,1211.040039,30.025999,32.68
2020-04-14,1213.900024,29.85,32.709999
2020-04-15,1212.380005,30.021,32.639999
2020-04-16,1222.550049,29.905001,32.699001
2020-04-17,1226.640015,29.937,32.599998
2020-04-20,1215.26001,30.035,32.445
2020-04-21,1218.099976,30.030001,32.48
2020-04-22,1230.849976,30.096001,32.504002
2020-04-23,1231.380005,30.054001,32.362
2020-04-24,1232.449951,29.855,32.352001
2020-04-27,1229.5,30.079,32.43
2020-04-28,1220.869995,29.913,32.490002
2020-04-29,1220.400024,29.805,32.412998
2020-04-30,1210.790039,29.629999,32.403
2020-05-01,1212.959961,29.584999,32.423
2020-05-04,1223.780029,29.893,32.48
2020-05-05,1222.449951,29.610001,32.386002
2020-05-06,1221.25,29.625,32.358002
2020-05-07,1228.530029,29.997,32.432999
2020-05-08,1218.630005,29.780001,32.363998
2020-05-11,1218.699951,29.84,32.200001
2020-05-12,1222.400024,29.892,32.169998
2020-05-13,1225.650024,29.788,32.133999
2020-05-14,1226.550049,29.892,32.060001
2020-05-15,1225.459961,29.875999,32.074001
2020-05-18,1232.089966,29.954,32.049999
2020-05-19,1224.199951,29.940001,32.023998
2020-05-20,1224.319946,29.844999,31.92
2020-05-21,1226.550049,29.879999,31.82
2020-05-22,1233.390015,29.875999,31.83
2020-05-25,1239.550049,30.068001,31.870001
2020-05-26,1240.02002,30.038,31.940001
2020-05-27,1230.869995,29.975,31.860001
2020-05-28,1238.300049,30.025,31.903999
2020-05-29,1237.97998,29.91,31.855
2020-06-01,1230.469971,29.944,31.49
2020-06-02,1222.98999,29.833,31.66
2020-06-03,1219.140015,29.871099,31.549999
2020-06-04,1215.819946,29.858,31.559999
2020-06-05,1215.380005,29.8452,31.503
2020-06-08,1201.109985,29.712999,31.440001
2020-06-09,1195.72998,29.65,31.399
2020-06-10,1197.300049,29.594999,31.330999
2020-06-11,1189.73999,29.552999,31.108
2020-06-12,1204.76001,29.525,31.09
2020-06-15,1202.609985,29.628099,31.01
2020-06-16,1206.900024,29.48,30.966
2020-06-17,1211.150024,29.485001,31.094999
2020-06-18,1214.349976,29.49,31.110001
2020-06-19,1211.359985,29.594,31.08
2020-06-22,1210.890015,29.584,31
2020-06-23,1208,29.434999,30.950001
2020-06-24,1207.949951,29.548,30.870001
2020-06-25,1205.25,29.395,30.862
2020-06-26,1201.52002,29.379999,30.870001
2020-06-29,1202.630005,29.521999,30.9
2020-06-30,1198.48999,29.411501,30.875
2020-07-01,1198.390015,29.396,30.889999
2020-07-02,1200.699951,29.4277,31.021999
2020-07-03,1198.170044,29.4321,31.09
2020-07-06,1198.5,29.451,31.110001
2020-07-07,1190.930054,29.4041,31.049999
2020-07-08,1195.699951,29.479,31.200001
2020-07-09,1192.02002,29.3402,31.17
2020-07-10,1195.77002,29.33,31.26
2020-07-13,1199.52002,29.462999,31.33
2020-07-14,1203.780029,29.455999,31.389999
2020-07-15,1203.97998,29.387699,31.51
2020-07-16,1200.469971,29.476999,31.530001
2020-07-17,1204.22998,29.363899,31.700001
2020-07-20,1202.530029,29.454,31.639999
2020-07-21,1200.030029,29.447001,31.740999
2020-07-22,1192.73999,29.402,31.51
2020-07-23,1197.22998,29.4317,31.621
2020-07-24,1200.939941,29.426701,31.709999
2020-07-27,1200.48999,29.451,31.6
2020-07-28,1195.920044,29.18,31.440001
2020-07-29,1199.369995,29.312,31.459999
2020-07-30,1190.72998,29.259001,31.422001
2020-07-31,1189.560059,29.16,31.309999
2020-08-03,1193.390015,29.309999,31.26
2020-08-04,1191.76001,29.247999,31.209999
2020-08-05,1192.25,29.264999,31.01
2020-08-06,1185.180054,29.3381,31.024
2020-08-07,1183.170044,29.369101,31.08
2020-08-10,1188.150024,29.421,31.200001
2020-08-11,1185.189941,29.313,31.1
2020-08-12,1184.97998,29.318001,31.139999
2020-08-13,1182.75,29.2962,31.07
2020-08-14,1184.119995,29.3389,31.035
2020-08-17,1186.040039,29.382,31.09
2020-08-18,1183.099976,29.335699,31.15
2020-08-19,1183.640015,29.3547,31.15
2020-08-20,1181.209961,29.416,31.299999
2020-08-21,1184.290039,29.320999,31.4
2020-08-24,1191.199951,29.392,31.540001
2020-08-25,1188.25,29.290001,31.504
2020-08-26,1186.459961,29.290001,31.43
2020-08-27,1183.849976,29.2817,31.233999
2020-08-28,1186.579956,29.3232,31.264999
2020-08-31,1179.589966,29.331499,31.09
2020-09-01,1187.040039,29.308001,31.040001
2020-09-02,1184.920044,29.303499,31.139999
2020-09-03,1188.650024,29.2929,31.33
2020-09-04,1190.780029,29.278999,31.4
2020-09-07,1186.420044,29.323999,31.370001
2020-09-08,1186.810059,29.305201,31.370001
2020-09-09,1189.23999,29.247,31.379999
2020-09-10,1184.380005,29.281,31.26
2020-09-11,1187.22998,29.2686,31.290001
2020-09-14,1186.969971,29.282,31.299999
2020-09-15,1180.839966,29.122999,31.280001
2020-09-16,1179.25,29.195,31.209999
2020-09-17,1172.069946,29.18,31.1
2020-09-18,1168.650024,29.122101,31.16
2020-09-21,1163.98999,29.004999,31.07
2020-09-22,1163.849976,28.9687,31.32
2020-09-23,1162.5,29.033001,31.368999
2020-09-24,1169.72998,29.192301,31.559
2020-09-25,1168.5,29.264099,31.542999
2020-09-28,1173.439941,29.251801,31.598
2020-09-29,1166.410034,29.1,31.604
2020-09-30,1167.859985,28.889999,31.563
2020-10-01,1163.780029,28.912001,31.610001
2020-10-02,1161.97998,28.867001,31.57
2020-10-05,1165.359985,28.92,31.549999
2020-10-06,1156.089966,28.7052,31.27
2020-10-07,1163.890015,28.806999,31.273001
2020-10-08,1156.5,28.613001,31.193001
2020-10-09,1150.359985,28.631701,31.17
2020-10-12,1142.650024,28.601,31.049999
2020-10-13,1146.400024,28.610001,31.157
2020-10-14,1147.890015,28.8356,31.24
2020-10-15,1146.310059,28.718,31.209999
2020-10-16,1144.130005,28.733,31.209999
2020-10-19,1141.180054,28.771999,31.190001
2020-10-20,1137,28.713301,31.200001
2020-10-21,1136,28.523001,31.209999
2020-10-22,1132.030029,28.676001,31.190001
2020-10-23,1134.150024,28.681,31.292
2020-10-26,1127.76001,28.583,31.292
2020-10-27,1131.640015,28.5968,31.27
2020-10-28,1128.22998,28.573999,31.219999
2020-10-29,1134.180054,28.583,31.25
2020-10-30,1129.52002,28.365601,31.223
2020-11-02,1135.609985,28.583599,31.176001
2020-11-03,1132.140015,28.5583,31.1
2020-11-04,1130.329956,28.594601,31
2020-11-05,1129.73999,28.551701,31
2020-11-06,1122.630005,28.5313,30.74
2020-11-09,1121.150024,28.575001,30.556
2020-11-10,1118.689941,28.625401,30.58
2020-11-11,1116.079956,28.587099,30.299999
2020-11-12,1111.449951,28.508699,30.250999
2020-11-13,1114.910034,28.431999,30.209999
2020-11-16,1107.76001,28.48,30.07
2020-11-17,1106.089966,28.5151,30.16
2020-11-18,1104.949951,28.500999,30.15
2020-11-19,1105.900024,28.530001,30.33
2020-11-20,1114.140015,28.487,30.370001
2020-11-23,1113.829956,28.5263,30.242001
2020-11-24,1113.079956,28.5179,30.34
2020-11-25,1109.709961,28.4674,30.32
2020-11-26,1104.48999,28.4802,30.290001
2020-11-27,1105.560059,28.509701,30.285
2020-11-30,1104.329956,28.518,30.246
2020-12-01,1108.51001,28.516701,30.26
2020-12-02,1106.280029,28.473,30.23
2020-12-03,1099.380005,28.441,30.193001
2020-12-04,1091.319946,28.3883,30.17
2020-12-07,1083.780029,28.216,30.156
2020-12-08,1083.680054,28,30.15
2020-12-09,1084.859985,28.2257,30.02
2020-12-10,1086.359985,28.243,30.039
2020-12-11,1086.369995,28.186701,30.037001
2020-12-14,1091.579956,28.181999,30.049999
2020-12-15,1092.060059,28.112,30.076
2020-12-16,1088.209961,28.098,30.030001
2020-12-17,1091.650024,28.115299,29.965
2020-12-18,1092.160034,28.128,29.789
2020-12-21,1098.97998,28.169001,29.922001
2020-12-22,1101.859985,28.139999,30.039
2020-12-23,1107.97998,28.1308,30.221001
2020-12-24,1104.800049,28.135,30.190001
2020-12-25,1099.910034,28.114,30.02
2020-12-28,1099.089966,27.938999,30.065001
2020-12-29,1095,28.107,30.139999
2020-12-30,1092.619995,28.124599,30.040001
2020-12-31,1086.420044,28.07,29.919001
2021-01-01,1084.650024,28.078699,29.900999
2021-01-04,1084.72998,28.054001,29.954
2021-01-05,1086.619995,28.101,29.91
2021-01-06,1086.449951,27.955,29.92
2021-01-07,1086.949951,27.83,29.92
2021-01-08,1093.069946,27.9268,30.07
2021-01-11,1092.819946,28.017,30.124001
2021-01-12,1096.449951,28.0207,30.16
2021-01-13,1093.540039,27.978001,30.030001
2021-01-14,1097.109985,28.018,29.99
2021-01-15,1094.900024,27.9869,29.98
2021-01-18,1102.959961,27.9823,30.061001
2021-01-19,1103.099976,27.982201,30.1
2021-01-20,1100.98999,27.915001,29.964001
2021-01-21,1096.25,27.889999,29.944
2021-01-22,1099.900024,27.958799,29.93
2021-01-25,1104.640015,27.951599,29.978001
2021-01-26,1101.72998,27.92,29.98
2021-01-27,1101,27.917999,29.950001
2021-01-28,1107.5,27.933001,30
2021-01-29,1112.290039,27.9326,29.945
2021-02-01,1117.430054,28.000999,29.91
2021-02-02,1116.880005,27.9503,29.98
2021-02-03,1113.609985,27.858,29.993
2021-02-04,1113.150024,27.864,29.979
2021-02-05,1119.130005,27.902901,30.059999
2021-02-08,1116.849976,27.9736,30.027
2021-02-09,1116.329956,27.880899,29.969999
2021-02-10,1110,27.853901,29.9
2021-02-11,1103.97998,27.9613,29.879999
2021-02-12,1102.219971,27.9431,29.860001
2021-02-15,1103.369995,28.014999,29.870001
2021-02-16,1102.23999,27.993999,29.889999
2021-02-17,1106.459961,28.040001,29.950001
2021-02-18,1104.550049,27.918699,29.990999
2021-02-19,1106.219971,27.8608,29.99
2021-02-22,1103.939941,27.907801,29.948999
2021-02-23,1110.670044,27.809401,29.976
2021-02-24,1109.310059,27.850201,30.013
2021-02-25,1107.209961,27.65,30.037001
2021-02-26,1119.130005,27.764999,30.264999
2021-03-01,1123.369995,27.855,30.344999
2021-03-02,1101.829956,27.819,30.200001
2021-03-03,1124.329956,27.74,30.247999
2021-03-04,1129.5,27.719999,30.35
2021-03-05,1133.349976,27.813,30.43
2021-03-08,1127.48999,27.9275,30.464001
2021-03-09,1140.22998,28.283001,30.804001
2021-03-10,1134.910034,28.252001,30.725
2021-03-11,1136.01001,28.202,30.688999
2021-03-12,1129.640015,28.000999,30.540001
2021-03-15,1134.5,28.1457,30.709
2021-03-16,1131.390015,28.176701,30.719999
2021-03-17,1129.839966,28.2365,30.74
2021-03-18,1121.130005,28.2176,30.67
2021-03-19,1126.109985,28.404699,30.871
2021-03-22,1127.47998,28.386101,30.830999
2021-03-23,1125.119995,28.308599,30.870001
2021-03-24,1133.199951,28.403,31.01
2021-03-25,1134.47998,28.4807,31.02
2021-03-26,1134.209961,28.5033,31.15
2021-03-29,1127.959961,28.585501,31.139999
2021-03-30,1131.650024,28.5275,31.190001
2021-03-31,1132.319946,28.441099,31.283001
2021-04-01,1127.199951,28.374399,31.235001
2021-04-02,1128.060059,28.4617,31.190001
2021-04-05,1128.790039,28.5305,31.280001
2021-04-06,1124.109985,28.3871,31.332001
2021-04-07,1117.5,28.431801,31.281
2021-04-08,1117.859985,28.350401,31.361
2021-04-09,1115.839966,28.370701,31.395
2021-04-12,1122.060059,28.5,31.466999
2021-04-13,1124.449951,28.3936,31.488001
2021-04-14,1120.689941,28.4137,31.462
2021-04-15,1116.109985,28.3337,31.312
2021-04-16,1115.670044,28.2453,31.148001
2021-04-19,1115.650024,28.254999,31.188999
2021-04-20,1114.469971,28.127001,31.200001
2021-04-21,1116.109985,28.025999,31.27
2021-04-22,1115.660034,27.98,31.309999
2021-04-23,1118.589966,28.0863,31.389999
2021-04-26,1114.130005,28.032,31.392
2021-04-27,1109.22998,27.808001,31.42
2021-04-28,1112.150024,27.8972,31.339001
2021-04-29,1108.660034,27.783001,31.323999
2021-04-30,1106.630005,27.766001,31.17
2021-05-03,1116.76001,27.8465,31.16
2021-05-04,1120.400024,27.924,31.120001
2021-05-05,1124.910034,27.8932,31.16
2021-05-06,1123.98999,27.885,31.129999
2021-05-07,1119.390015,27.948,31.198999
2021-05-10,1111.969971,27.7528,31.030001
2021-05-11,1115.540039,27.7313,31.084999
2021-05-12,1118.22998,27.917,31.16
2021-05-13,1131.599976,28.024,31.280001
2021-05-14,1125.699951,27.937,31.34
2021-05-17,1125.530029,27.9599,31.32
2021-05-18,1135.51001,28.054199,31.469999
2021-05-19,1127.140015,27.9655,31.379999
2021-05-20,1130.369995,27.8909,31.43
2021-05-21,1127.050049,27.9505,31.360001
2021-05-24,1126.790039,27.948999,31.360001
2021-05-25,1122.189941,28.0124,31.32
2021-05-26,1121.380005,27.820499,31.34
2021-05-27,1115.52002,27.667999,31.26
2021-05-28,1117.300049,27.787001,31.280001
2021-05-31,1112.849976,27.620001,31.25
2021-06-01,1106.97998,27.516701,31.17
2021-06-02,1107.209961,27.5818,31.166
2021-06-03,1109.880005,27.544001,31.110001
2021-06-04,1115.439941,27.6238,31.209999
2021-06-07,1109.680054,27.535999,31.139999
2021-06-08,1109.319946,27.622801,31.17
2021-06-09,1116.890015,27.586901,31.204
2021-06-10,1116.410034,27.779499,31.15
2021-06-11,1111.26001,27.557501,31.120001
2021-06-14,1115.550049,27.641001,31.059999
2021-06-15,1116.319946,27.636801,31.108
2021-06-16,1116.030029,27.561199,31.16
2021-06-17,1131.949951,27.677999,31.299
2021-06-18,1133.540039,27.684999,31.4
2021-06-21,1134.25,27.781,31.469999
2021-06-22,1130.339966,27.9475,31.615
2021-06-23,1132.51001,27.9503,31.690001
2021-06-24,1132.609985,28.0347,31.82
2021-06-25,1130.800049,27.906099,31.899
2021-06-28,1125.339966,27.865801,31.794001
2021-06-29,1129.040039,27.816,31.9
2021-06-30,1130.51001,27.8759,32.124001
2021-07-01,1129.599976,27.818001,31.982
2021-07-02,1132.410034,27.879,32.077999
2021-07-05,1129.77002,27.938,32.136002
2021-07-06,1129.439941,27.9688,32.09
2021-07-07,1135.47998,27.8969,32.289001
2021-07-08,1140.52002,27.881599,32.34
2021-07-09,1146.280029,27.959999,32.529999
2021-07-12,1144.310059,27.951,32.509998
2021-07-13,1141.099976,27.9592,32.66
2021-07-14,1148.699951,28.019199,32.66
2021-07-15,1143.410034,27.9666,32.603001
2021-07-16,1140.119995,27.8797,32.698002
2021-07-19,1141.5,27.972,32.810001
2021-07-20,1150.069946,28.077299,32.84
2021-07-21,1147.47998,27.9991,32.82
2021-07-22,1148.689941,27.961599,32.849998
2021-07-23,1149.910034,27.995701,32.879002
2021-07-26,1151.119995,28.018299,32.939999
2021-07-27,1151.76001,28.047199,32.880001
2021-07-28,1153.560059,28.023899,32.926998
2021-07-29,1149.410034,27.899,32.810001
2021-07-30,1142.119995,27.844999,32.84
2021-08-02,1150.930054,27.924101,32.919998
2021-08-03,1149.560059,27.9209,32.931999
2021-08-04,1148.579956,27.8503,33.009998
2021-08-05,1144.060059,27.714701,33.139999
2021-08-06,1143.119995,27.7264,33.255001
2021-08-09,1144.920044,27.8223,33.419998
2021-08-10,1145.890015,27.785601,33.459999
2021-08-11,1152.47998,27.8262,33.450001
2021-08-12,1152.849976,27.7915,33.098
2021-08-13,1162.060059,27.796499,33.07
2021-08-16,1161.380005,27.808001,33.310001
2021-08-17,1164.5,27.7897,33.389999
2021-08-18,1176.449951,27.899401,33.34
2021-08-19,1169.680054,27.842199,33.305
2021-08-20,1175.390015,28.018,33.353001
2021-08-23,1174.23999,27.971001,33.299999
2021-08-24,1167.609985,27.901199,33.240002
2021-08-25,1163.469971,27.893101,32.876999
2021-08-26,1163.329956,27.884899,32.735001
2021-08-27,1170,27.916599,32.740002
2021-08-30,1161.329956,27.872999,32.52
2021-08-31,1165.51001,27.7292,32.469002
2021-09-01,1158.410034,27.568701,32.169998
2021-09-02,1155.280029,27.6716,32.279999
2021-09-03,1157.130005,27.6266,32.441002
2021-09-06,1154.75,27.607,32.459999
2021-09-07,1155.540039,27.5331,32.470001
2021-09-08,1161,27.5912,32.66
2021-09-09,1166.48999,27.6707,32.75
2021-09-10,1169.130005,27.629601,32.700001
2021-09-13,1169.380005,27.650499,32.709999
2021-09-14,1171.109985,27.6394,32.860001
2021-09-15,1170.800049,27.635599,32.889999
2021-09-16,1165.219971,27.6127,32.849998
2021-09-17,1174.420044,27.693001,33.118
2021-09-20,1181.109985,27.782,33.308998
2021-09-21,1186.319946,27.766001,33.34
2021-09-22,1182.920044,27.718599,33.389999
2021-09-23,1181.030029,27.703899,33.426998
2021-09-24,1174.699951,27.684999,33.389999
2021-09-27,1179.199951,27.726999,33.400002
2021-09-28,1176.959961,27.6542,33.580002
2021-09-29,1186.890015,27.7381,33.84
2021-09-30,1187.430054,27.812401,33.936001
2021-10-01,1183.719971,27.836599,33.68
2021-10-04,1180,27.754,33.619999
2021-10-05,1183.780029,27.882299,33.779999
2021-10-06,1187.170044,27.871,33.810001
2021-10-07,1191.380005,27.951,33.799999
2021-10-08,1191.150024,27.9685,33.790001
2021-10-11,1195.579956,28.049999,33.900002
2021-10-12,1195.800049,28.042999,33.657001
2021-10-13,1196.890015,28.1287,33.32
2021-10-14,1186.709961,27.9995,33.169998
2021-10-15,1182.130005,27.988899,33.169998
2021-10-18,1181.790039,28,33.43
2021-10-19,1185.680054,27.9492,33.450001
2021-10-20,1175.650024,27.8263,33.360001
2021-10-21,1174.589966,27.806,33.349998
2021-10-22,1176.550049,27.818501,33.380001
2021-10-25,1176.540039,27.837,33.290001
2021-10-26,1167.060059,27.8062,33.039001
2021-10-27,1167.329956,27.796301,33.183998
2021-10-28,1172.170044,27.762501,33.292
2021-10-29,1167.369995,27.723301,33.189999
2021-11-01,1174.380005,27.8167,33.147999
2021-11-02,1176.569946,27.8011,33.299999
2021-11-03,1178.040039,27.8585,33.259998
2021-11-04,1179.339966,27.789499,33.25
2021-11-05,1185.829956,27.8741,33.330002
2021-11-08,1180.5,27.830099,33.137001
2021-11-09,1199.859985,27.801201,32.907001
2021-11-10,1177.5,27.7313,32.75
2021-11-11,1184.140015,27.759001,32.837002
2021-11-12,1183.109985,27.801701,32.830002
2021-11-15,1179.109985,27.7813,32.716
2021-11-16,1183.51001,27.752501,32.740002
2021-11-17,1184.050049,27.800699,32.737
2021-11-18,1181.22998,27.7407,32.620998
2021-11-19,1182.900024,27.8064,32.580002
2021-11-22,1191.630005,27.792999,32.799999
2021-11-23,1189.5,27.769501,33.02
2021-11-24,1189.949951,27.7514,33.127998
2021-11-25,1187.880005,27.7677,33.369999
2021-11-26,1190.219971,27.7647,33.41
2021-11-29,1194.609985,27.853901,33.563999
2021-11-30,1190.73999,27.7456,33.665001
2021-12-01,1182.859985,27.578699,33.669998
2021-12-02,1177.109985,27.6045,33.73
2021-12-03,1176.77002,27.678699,33.853001
2021-12-06,1183.140015,27.6572,33.779999
2021-12-07,1180.560059,27.659201,33.830002
2021-12-08,1176.839966,27.742599,33.610001
2021-12-09,1172.560059,27.630699,33.439999
2021-12-10,1177.329956,27.6856,33.580002
2021-12-13,1178.969971,27.636,33.158001
2021-12-14,1185.099976,27.745899,33.414001
2021-12-15,1184.22998,27.784201,33.419998
2021-12-16,1184.400024,27.7397,33.396
2021-12-17,1186.150024,27.7577,33.400002
2021-12-20,1186.390015,27.8272,33.278
2021-12-21,1190.119995,27.815399,33.610001
2021-12-22,1191.27002,27.7302,33.627998
2021-12-23,1187.77002,27.711,33.557999
2021-12-24,1185.5,27.624701,33.512001
2021-12-27,1185.920044,27.6793,33.376999
2021-12-28,1185.650024,27.683701,33.511002
2021-12-29,1187.849976,27.535,33.507
2021-12-30,1183.670044,27.617399,33.445
2021-12-31,1189.890015,27.658701,33.325001
2022-01-03,1187.780029,27.702101,33.111
2022-01-04,1194.680054,27.624701,33.243
2022-01-05,1196.5,27.515499,33.241001
2022-01-06,1199.25,27.596399,33.248001
2022-01-07,1205.780029,27.620001,33.553001
2022-01-10,1196.880005,27.658001,33.585999
2022-01-11,1198.089966,27.5989,33.618
2022-01-12,1189.430054,27.627001,33.301998
2022-01-13,1185.880005,27.5986,33.250999
2022-01-14,1186.609985,27.566,33.200001
2022-01-17,1188.959961,27.538,33.162998
2022-01-18,1190.060059,27.4237,33.084999
2022-01-19,1192.97998,27.516199,33.095001
2022-01-20,1188.160034,27.5476,32.91
2022-01-21,1192.430054,27.6157,32.912998
2022-01-24,1191.5,27.6912,32.935001
2022-01-25,1195.660034,27.6639,32.993
2022-01-26,1196.099976,27.698,33.001999
2022-01-27,1200.630005,27.664499,33.105
2022-01-28,1203.459961,27.7565,33.284
2022-01-31,1207.709961,27.827,33.397999
2022-02-01,1205.119995,27.770399,33.194
2022-02-02,1202.5,27.7423,33.179001
2022-02-03,1199.959961,27.750799,33.115002
2022-02-04,1200.329956,27.7439,33.073002
2022-02-07,1197.089966,27.799999,32.93
2022-02-08,1196.849976,27.826,32.970001
2022-02-09,1196.359985,27.805201,32.856998
2022-02-10,1194.030029,27.780701,32.708
2022-02-11,1199.349976,27.826401,32.703999
2022-02-14,1199.23999,27.906,32.68
2022-02-15,1197.359985,27.861799,32.426998
2022-02-16,1196.829956,27.8207,32.345001
2022-02-17,1196.75,27.810801,32.299999
2022-02-18,1198.660034,27.8367,32.103001
2022-02-21,1195.069946,27.870001,32.132
2022-02-22,1194.680054,27.812401,32.257999
2022-02-23,1192.680054,27.8374,32.416
2022-02-24,1192.400024,27.8727,32.271
2022-02-25,1206,28.0672,32.497002
2022-02-28,1197.589966,27.962799,32.678001
2022-03-01,1200.930054,27.975599,32.647999
2022-03-02,1205.369995,28.046801,32.726002
2022-03-03,1203.150024,27.970501,32.474998
2022-03-04,1205.98999,28.050501,32.556999
2022-03-07,1216.709961,28.125999,32.699001
2022-03-08,1232.300049,28.2759,33.007999
2022-03-09,1233.109985,28.3034,33.192001
2022-03-10,1223.22998,28.268,32.973
2022-03-11,1228.599976,28.300699,33.122002
2022-03-14,1236.890015,28.410999,33.262001
2022-03-15,1242.050049,28.511,33.396
2022-03-16,1241.680054,28.5189,33.509998
2022-03-17,1223,28.379,33.341999
2022-03-18,1210.329956,28.177999,33.219002
2022-03-21,1210.369995,28.356001,33.310001
2022-03-22,1219.780029,28.41,33.582001
2022-03-23,1214.949951,28.4674,33.481998
2022-03-24,1218.01001,28.5597,33.625999
2022-03-25,1217.550049,28.651501,33.521
2022-03-28,1224.380005,28.669001,33.634998
2022-03-29,1223.660034,28.783701,33.784
2022-03-30,1209.130005,28.6283,33.493
2022-03-31,1210.439941,28.5256,33.319
2022-04-01,1214.5,28.6157,33.237999
2022-04-04,1218.780029,28.667999,33.48
2022-04-05,1213.900024,28.588499,33.438999
2022-04-06,1218.75,28.6532,33.547001
2022-04-07,1217.599976,28.725401,33.570999
2022-04-08,1222.660034,28.7987,33.487
2022-04-11,1228.23999,28.891001,33.542999
2022-04-12,1235.050049,29.031,33.630001
2022-04-13,1228.599976,29.038,33.547001
2022-04-14,1223.119995,28.866699,33.455002
2022-04-15,1230.099976,28.9662,33.659
2022-04-18,1228.089966,29.111,33.598
2022-04-19,1235.349976,29.214001,33.682999
2022-04-20,1239.599976,29.2537,33.772999
2022-04-21,1234.089966,29.1635,33.780998
2022-04-22,1242.48999,29.289,33.894001
2022-04-25,1243.160034,29.311001,33.945999
2022-04-26,1249.209961,29.193701,34.061001
2022-04-27,1260.709961,29.300699,34.235001
2022-04-28,1266.280029,29.374701,34.348999
2022-04-29,1272.290039,29.4527,34.433998
2022-05-02,1262.530029,29.434,34.188999
2022-05-03,1266.75,29.4846,34.462002
2022-05-04,1261.060059,29.4221,34.317001
2022-05-05,1251.5,29.24,34.049999
2022-05-06,1268.699951,29.606701,34.299999
2022-05-09,1270.130005,29.65,34.361
2022-05-10,1274.859985,29.750999,34.59
2022-05-11,1276.550049,29.641701,34.647999
2022-05-12,1278.150024,29.688999,34.626999
2022-05-13,1290.75,29.821501,34.730999
2022-05-16,1277.569946,29.782,34.648998
2022-05-17,1279.849976,29.711901,34.698002
2022-05-18,1266.660034,29.605801,34.478001
2022-05-19,1275.579956,29.7402,34.573002
2022-05-20,1263.550049,29.6005,34.376999
2022-05-23,1273.209961,29.712999,34.320999
2022-05-24,1258.819946,29.49,34.134998
2022-05-25,1260.98999,29.5317,34.094002
2022-05-26,1266.599976,29.41,34.240002
2022-05-27,1258.890015,29.313,34.216999
2022-05-30,1251.589966,29.296,34.077
2022-05-31,1236.170044,28.830999,34.088001
2022-06-01,1241.73999,28.991501,34.231998
2022-06-02,1246.949951,29.1283,34.362999
2022-06-03,1240.839966,29.101,34.237
2022-06-06,1250.530029,29.361,34.34
2022-06-07,1254.47998,29.3813,34.43
2022-06-08,1254.579956,29.405001,34.405998
2022-06-09,1256.73999,29.438801,34.488998
2022-06-10,1264.02002,29.585699,34.554001
2022-06-13,1278.280029,29.642,34.800999
2022-06-14,1291.800049,29.6887,34.842999
2022-06-15,1289.47998,29.5777,35.029999
2022-06-16,1278.160034,29.405001,34.835999
2022-06-17,1288.180054,29.695999,35.006001
2022-06-20,1290.5,29.702,35.221001
2022-06-21,1292.380005,29.702999,35.330002
2022-06-22,1291.599976,29.724001,35.285
2022-06-23,1297.680054,29.6717,35.349998
2022-06-24,1299.810059,29.6131,35.484001
2022-06-27,1288.290039,29.694,35.450001
2022-06-28,1286.199951,29.43,35.359001
2022-06-29,1292.030029,29.671,35.16
2022-06-30,1301.72998,29.665001,35.077999
2022-07-01,1287.709961,29.655701,35.324001
2022-07-04,1297.890015,29.796,35.580002
2022-07-05,1295.680054,29.690001,35.702999
2022-07-06,1308.660034,29.780701,35.967999
2022-07-07,1304.849976,29.788,36.154999
2022-07-08,1297.650024,29.752001,36.070999
2022-07-11,1293.790039,29.752001,35.860001
2022-07-12,1310.859985,29.863199,36.231998
2022-07-13,1305.829956,29.865,36.195999
2022-07-14,1304.849976,29.766001,36.231998
2022-07-15,1316.180054,29.918699,36.529999
2022-07-18,1318.119995,29.910999,36.560001
2022-07-19,1318.910034,29.82,36.689999
2022-07-20,1305.5,29.785999,36.573002
2022-07-21,1312.869995,29.880699,36.665001
2022-07-22,1306.849976,29.880301,36.751999
2022-07-25,1309.319946,29.801001,36.639
2022-07-26,1310.400024,29.827999,36.655998
2022-07-27,1310.900024,29.9203,36.698002
2022-07-28,1305.949951,29.859301,36.637001
2022-07-29,1295.150024,29.915001,36.384998
2022-08-01,1302.280029,30.002001,36.292999
2022-08-02,1306.75,30.167999,36.103001
2022-08-03,1314.630005,29.966299,36.202999
2022-08-04,1307.380005,29.941999,36.240002
2022-08-05,1302.079956,29.9517,35.82
2022-08-08,1302.73999,29.945,35.75
2022-08-09,1299.030029,30.0007,35.529999
2022-08-10,1307.560059,30.028,35.330002
2022-08-11,1296.699951,29.9104,35.32
2022-08-12,1306.829956,29.949301,35.200001
2022-08-15,1301.380005,29.943001,35.299999
2022-08-16,1313.180054,29.9827,35.539001
2022-08-17,1311,29.9438,35.373001
2022-08-18,1314.829956,29.935699,35.48
2022-08-19,1326.910034,29.9737,35.630001
2022-08-22,1334.859985,30.101999,35.785
2022-08-23,1343.359985,30.131701,36.119999
2022-08-24,1339.079956,30.17,36.044998
2022-08-25,1340,30.205,36.056999
2022-08-26,1334.439941,30.188,35.810001
2022-08-29,1341.180054,30.281,36.290001
2022-08-30,1345.72998,30.368,36.32
2022-08-31,1350.189941,30.436701,36.438999
2022-09-01,1342.26001,30.332701,36.622002
2022-09-02,1355.099976,30.548201,36.768002
2022-09-05,1361.51001,30.613001,36.73
2022-09-06,1361.810059,30.686001,36.540001
2022-09-07,1378.109985,30.7987,36.688
2022-09-08,1374.310059,30.847799,36.52
2022-09-09,1383,30.8587,36.41
2022-09-12,1379.060059,30.85,36.369999
2022-09-13,1375.810059,30.882999,36.268002
2022-09-14,1393.469971,31.1187,36.599998
2022-09-15,1391.180054,31.069,36.630001
2022-09-16,1398.630005,31.222,36.939999
2022-09-19,1385.22998,31.261,36.799999
2022-09-20,1390.109985,31.322001,36.900002
2022-09-21,1392.51001,31.339001,36.98
2022-09-22,1397.560059,31.450001,37.209999
2022-09-23,1403.660034,31.5383,37.369999
2022-09-26,1421.810059,31.791,37.580002
2022-09-27,1429.77002,31.823,37.949001
2022-09-28,1426.26001,31.674999,37.970001
2022-09-29,1421.949951,31.671,37.91
2022-09-30,1430.170044,31.630501,37.862
2022-10-03,1439.22998,31.802999,37.823002
2022-10-04,1433.339966,31.783701,37.796001
2022-10-05,1416.530029,31.628,37.405998
2022-10-06,1416.76001,31.5235,37.439999
2022-10-07,1408.449951,31.539,37.327999
2022-10-10,1415.97998,31.711,37.59
2022-10-11,1428.349976,31.792801,37.990002
2022-10-12,1430.800049,31.8253,38.09
2022-10-13,1423.900024,31.7742,37.889999
2022-10-14,1430.300049,31.8486,38.02
2022-10-17,1440.76001,31.962,38.279999
2022-10-18,1430.150024,31.988001,38.080002
2022-10-19,1425.02002,32.016998,38.07
2022-10-20,1435.01001,32.152,38.299999
2022-10-21,1430.310059,32.094002,38.200001
2022-10-24,1428.109985,32.18,38.049999
2022-10-25,1443.959961,32.311298,38.209999
2022-10-26,1426.930054,32.227001,37.950001
2022-10-27,1412.689941,31.9629,37.700001
2022-10-28,1420.650024,32.042999,37.790001
2022-10-31,1421.650024,32.113998,37.868
2022-11-01,1424.670044,32.2477,38.060001
2022-11-02,1416.599976,32.124001,37.707001
2022-11-03,1423.099976,32.247501,37.833
2022-11-04,1423.650024,32.150002,38.012001
2022-11-07,1402.109985,31.999001,37.432999
2022-11-08,1392.699951,31.85,37.299999
2022-11-09,1374.150024,31.789801,36.91
2022-11-10,1370.550049,31.912001,36.860001
2022-11-11,1349.369995,31.402,36.16
2022-11-14,1313.030029,31.0966,36.018002
2022-11-15,1324.079956,30.889,35.683998
2022-11-16,1316.26001,31.079,35.542999
2022-11-17,1336.430054,31.035,35.801998
2022-11-18,1342.75,31.025,35.84
2022-11-21,1339.030029,31.1113,35.755001
2022-11-22,1359.75,31.131001,36.290001
2022-11-23,1352.689941,31.107201,36.09
2022-11-24,1336.810059,31.0797,35.98
2022-11-25,1317.890015,30.913,35.779999
2022-11-28,1334.560059,30.928499,35.956001
2022-11-29,1340.119995,31.0061,35.784
2022-11-30,1325.369995,30.945999,35.417
2022-12-01,1279.800049,30.778,35.07
2022-12-02,1303.25,30.587799,34.790001
2022-12-05,1299.170044,30.538,34.669998
2022-12-06,1304.369995,30.563,35.040001
2022-12-07,1319.709961,30.633499,35.036999
2022-12-08,1314.099976,30.636999,34.900002
2022-12-09,1316.630005,30.462999,34.73
2022-12-12,1303.170044,30.693701,34.708
2022-12-13,1305.920044,30.68,34.84
2022-12-14,1288.97998,30.601,34.59
2022-12-15,1295.680054,30.484301,34.52
2022-12-16,1317.099976,30.809999,35.084
2022-12-19,1308.859985,30.7708,34.82
2022-12-20,1301.329956,30.7857,34.84
2022-12-21,1283.640015,30.724001,34.66
2022-12-22,1280.77002,30.679001,34.650002
2022-12-23,1279.01001,30.726999,34.716999
Date,,,
2017-12-25,,,
2017-12-26,,,
2017-12-27,,,
2017-12-28,,,
2017-12-29,,,
2018-01-01,,,
2018-01-02,,,
2018-01-03,,,
2018-01-04,,,
2018-01-05,,,
2018-01-08,,,
2018-01-09,,,
2018-01-10,,,
2018-01-11,,,
2018-01-12,,,
2018-01-15,,,
2018-01-16,,,
2018-01-17,,,
2018-01-18,,,
2018-01-19,,,
2018-01-22,,,
2018-01-23,,,
2018-01-24,,,
2018-01-25,,,
2018-01-26,,,
2018-01-29,,,
2018-01-30,,,
2018-01-31,,,
2018-02-01,,,
2018-02-02,,,
2018-02-05,,,
2018-02-06,,,
2018-02-07,,,
2018-02-08,,,
2018-02-09,,,
2018-02-12,,,
2018-02-13,,,
2018-02-14,,,
2018-02-15,,,
2018-02-16,,,
2018-02-19,,,
2018-02-20,,,
2018-02-21,,,
2018-02-22,,,
2018-02-23,,,
2018-02-26,,,
2018-02-27,,,
2018-02-28,,,
2018-03-01,,,
2018-03-02,,,
2018-03-05,,,
2018-03-06,,,
2018-03-07,,,
2018-03-08,,,
2018-03-09,,,
2018-03-12,,,
2018-03-13,,,
2018-03-14,,,
2018-03-15,,,
2018-03-16,,,
2018-03-19,,,
2018-03-20,,,
2018-03-21,,,
2018-03-22,,,
2018-03-23,,,
2018-03-26,,,
2018-03-27,,,
2018-03-28,,,
2018-03-29,,,
2018-03-30,,,
2018-04-02,,,
2018-04-03,,,
2018-04-04,,,
2018-04-05,,,
2018-04-06,,,
2018-04-09,,,
2018-04-10,,,
2018-04-11,,,
2018-04-12,,,
2018-04-13,,,
2018-04-16,,,
2018-04-17,,,
2018-04-18,,,
2018-04-19,,,
2018-04-20,,,
2018-04-23,,,
2018-04-24,,,
2018-04-25,,,
2018-04-26,,,
2018-04-27,,,
2018-04-30,,,
2018-05-01,,,
2018-05-02,,,
2018-05-03,,,
2018-05-04,,,
2018-05-07,,,
2018-05-08,,,
2018-05-09,,,
2018-05-10,,,
2018-05-11,,,
2018-05-14,,,
2018-05-15,,,
2018-05-16,,,
2018-05-17,,,
2018-05-18,,,
2018-05-21,,,
2018-05-22,,,
2018-05-23,,,
2018-05-24,,,
2018-05-25,,,
2018-05-28,,,
2018-05-29,,,
2018-05-30,,,
2018-05-31,,,
2018-06-01,,,
2018-06-04,,,
2018-06-05,,,
2018-06-06,,,
2018-06-07,,,
2018-06-08,,,
2018-06-11,,,
2018-06-12,,,
2018-06-13,,,
2018-06-14,,,
2018-06-15,,,
2018-06-18,,,
2018-06-19,,,
2018-06-20,,,
2018-06-21,,,
2018-06-22,,,
2018-06-25,,,
2018-06-26,,,
2018-06-27,,,
2018-06-28,,,
2018-06-29,,,
2018-07-02,,,
2018-07-03,,,
2018-07-04,,,
2018-07-05,,,
2018-07-06,,,
2018-07-09,,,
2018-07-10,,,
2018-07-11,,,
2018-07-12,,,
2018-07-13,,,
2018-07-16,,,
2018-07-17,,,
2018-07-18,,,
2018-07-19,,,
2018-07-20,,,
2018-07-23,,,
2018-07-24,,,
2018-07-25,,,
2018-07-26,,,
2018-07-27,,,
2018-07-30,,,
2018-07-31,,,
2018-08-01,,,
2018-08-02,,,
2018-08-03,,,
2018-08-06,,,
2018-08-07,,,
2018-08-08,,,
2018-08-09,,,
2018-08-10,,,
2018-08-13,,,
2018-08-14,,,
2018-08-15,,,
2018-08-16,,,
2018-08-17,,,
2018-08-20,,,
2018-08-21,,,
2018-08-22,,,
2018-08-23,,,
2018-08-24,,,
2018-08-27,,,
2018-08-28,,,
2018-08-29,,,
2018-08-30,,,
2018-08-31,,,
2018-09-03,,,
2018-09-04,,,
2018-09-05,,,
2018-09-06,,,
2018-09-07,,,
2018-09-10,,,
2018-09-11,,,
2018-09-12,,,
2018-09-13,,,
2018-09-14,,,
2018-09-17,,,
2018-09-18,,,
2018-09-19,,,
2018-09-20,,,
2018-09-21,,,
2018-09-24,,,
2018-09-25,,,
2018-09-26,,,
2018-09-27,,,
2018-09-28,,,
2018-10-01,,,
2018-10-02,,,
2018-10-03,,,
2018-10-04,,,
2018-10-05,,,
2018-10-08,,,
2018-10-09,,,
2018-10-10,,,
2018-10-11,,,
2018-10-12,,,
2018-10-15,,,
2018-10-16,,,
2018-10-17,,,
2018-10-18,,,
2018-10-19,,,
2018-10-22,,,
2018-10-23,,,
2018-10-24,,,
2018-10-25,,,
2018-10-26,,,
2018-10-29,,,
2018-10-30,,,
2018-10-31,,,
2018-11-01,,,
2018-11-02,,,
2018-11-05,,,
2018-11-06,,,
2018-11-07,,,
2018-11-08,,,
2018-11-09,,,
2018-11-12,,,
2018-11-13,,,
2018-11-14,,,
2018-11-15,,,
2018-11-16,,,
2018-11-19,,,
2018-11-20,,,
2018-11-21,,,
2018-11-22,,,
2018-11-23,,,
2018-11-26,,,
2018-11-27,,,
2018-11-28,,,
2018-11-29,,,
2018-11-30,,,
2018-12-03,,,
2018-12-04,,,
2018-12-05,,,
2018-12-06,,,
2018-12-07,,,
2018-12-10,,,
2018-12-11,,,
2018-12-12,,,
2018-12-13,,,
2018-12-14,,,
2018-12-17,,,
2018-12-18,,,
2018-12-19,,,
2018-12-20,,,
2018-12-21,,,
2018-12-24,,,
2018-12-25,,,
2018-12-26,,,
2018-12-27,,,
2018-12-28,,,
2018-12-31,,,
2019-01-01,,,
2019-01-02,,,
2019-01-03,,,
2019-01-04,,,
2019-01-07,,,
2019-01-08,,,
2019-01-09,,,
2019-01-10,,,
2019-01-11,,,
2019-01-14,,,
2019-01-15,,,
2019-01-16,,,
2019-01-17,,,
2019-01-18,,,
2019-01-21,,,
2019-01-22,,,
2019-01-23,,,
2019-01-24,,,
2019-01-25,,,
2019-01-28,,,
2019-01-29,,,
2019-01-30,,,
2019-01-31,,,
2019-02-01,,,
2019-02-04,,,
2019-02-05,,,
2019-02-06,,,
2019-02-07,,,
2019-02-08,,,
2019-02-11,,,
2019-02-12,,,
2019-02-13,,,
2019-02-14,,,
2019-02-15,,,
2019-02-18,,,
2019-02-19,,,
2019-02-20,,,
2019-02-21,,,
2019-02-22,,,
2019-02-25,,,
2019-02-26,,,
2019-02-27,,,
2019-02-28,,,
2019-03-01,,,
2019-03-04,,,
2019-03-05,,,
2019-03-06,,,
2019-03-07,,,
2019-03-08,,,
2019-03-11,,,
2019-03-12,,,
2019-03-13,,,
2019-03-14,,,
2019-03-15,,,
2019-03-18,,,
2019-03-19,,,
2019-03-20,,,
2019-03-21,,,
2019-03-22,,,
2019-03-25,,,
2019-03-26,,,
2019-03-27,,,
2019-03-28,,,
2019-03-29,,,
2019-04-01,,,
2019-04-02,,,
2019-04-03,,,
2019-04-04,,,
2019-04-05,,,
2019-04-08,,,
2019-04-09,,,
2019-04-10,,,
2019-04-11,,,
2019-04-12,,,
2019-04-15,,,
2019-04-16,,,
2019-04-17,,,
2019-04-18,,,
2019-04-19,,,
2019-04-22,,,
2019-04-23,,,
2019-04-24,,,
2019-04-25,,,
2019-04-26,,,
2019-04-29,,,
2019-04-30,,,
2019-05-01,,,
2019-05-02,,,
2019-05-03,,,
2019-05-06,,,
2019-05-07,,,
2019-05-08,,,
2019-05-09,,,
2019-05-10,,,
2019-05-13,,,
2019-05-14,,,
2019-05-15,,,
2019-05-16,,,
2019-05-17,,,
2019-05-20,,,
2019-05-21,,,
2019-05-22,,,
2019-05-23,,,
2019-05-24,,,
2019-05-27,,,
2019-05-28,,,
2019-05-29,,,
2019-05-30,,,
2019-05-31,,,
2019-06-03,,,
2019-06-04,,,
2019-06-05,,,
2019-06-06,,,
2019-06-07,,,
2019-06-10,,,
2019-06-11,,,
2019-06-12,,,
2019-06-13,,,
2019-06-14,,,
2019-06-17,,,
2019-06-18,,,
2019-06-19,,,
2019-06-20,,,
2019-06-21,,,
2019-06-24,,,
2019-06-25,,,
2019-06-26,,,
2019-06-27,,,
2019-06-28,,,
2019-07-01,,,
2019-07-02,,,
2019-07-03,,,
2019-07-04,,,
2019-07-05,,,
2019-07-08,,,
2019-07-09,,,
2019-07-10,,,
2019-07-11,,,
2019-07-12,,,
2019-07-15,,,
2019-07-16,,,
2019-07-17,,,
2019-07-18,,,
2019-07-19,,,
2019-07-22,,,
2019-07-23,,,
2019-07-24,,,
2019-07-25,,,
2019-07-26,,,
2019-07-29,,,
2019-07-30,,,
2019-07-31,,,
2019-08-01,,,
2019-08-02,,,
2019-08-05,,,
2019-08-06,,,
2019-08-07,,,
2019-08-08,,,
2019-08-09,,,
2019-08-12,,,
2019-08-13,,,
2019-08-14,,,
2019-08-15,,,
2019-08-16,,,
2019-08-19,,,
2019-08-20,,,
2019-08-21,,,
2019-08-22,,,
2019-08-23,,,
2019-08-26,,,
2019-08-27,,,
2019-08-28,,,
2019-08-29,,,
2019-08-30,,,
2019-09-02,,,
2019-09-03,,,
2019-09-04,,,
2019-09-05,,,
2019-09-06,,,
2019-09-09,,,
2019-09-10,,,
2019-09-11,,,
2019-09-12,,,
2019-09-13,,,
2019-09-16,,,
2019-09-17,,,
2019-09-18,,,
2019-09-19,,,
2019-09-20,,,
2019-09-23,,,
2019-09-24,,,
2019-09-25,,,
2019-09-26,,,
2019-09-27,,,
2019-09-30,,,
2019-10-01,,,
2019-10-02,,,
2019-10-03,,,
2019-10-04,,,
2019-10-07,,,
2019-10-08,,,
2019-10-09,,,
2019-10-10,,,
2019-10-11,,,
2019-10-14,,,
2019-10-15,,,
2019-10-16,,,
2019-10-17,,,
2019-10-18,,,
2019-10-21,,,
2019-10-22,,,
2019-10-23,,,
2019-10-24,,,
2019-10-25,,,
2019-10-28,,,
2019-10-29,,,
2019-10-30,,,
2019-10-31,,,
2019-11-01,,,
2019-11-04,,,
2019-11-05,,,
2019-11-06,,,
2019-11-07,,,
2019-11-08,,,
2019-11-11,,,
2019-11-12,,,
2019-11-13,,,
2019-11-14,,,
2019-11-15,,,
2019-11-18,,,
2019-11-19,,,
2019-11-20,,,
2019-11-21,,,
2019-11-22,,,
2019-11-25,,,
2019-11-26,,,
2019-11-27,,,
2019-11-28,,,
2019-11-29,,,
2019-12-02,,,
2019-12-03,,,
2019-12-04,,,
2019-12-05,,,
2019-12-06,,,
2019-12-09,,,
2019-12-10,,,
2019-12-11,,,
2019-12-12,,,
2019-12-13,,,
2019-12-16,,,
2019-12-17,,,
2019-12-18,,,
2019-12-19,,,
2019-12-20,,,
2019-12-23,,,
2019-12-24,,,
2019-12-25,,,
2019-12-26,,,
2019-12-27,,,
2019-12-30,,,
2019-12-31,,,
2020-01-01,,,
2020-01-02,,,
2020-01-03,,,
2020-01-06,,,
2020-01-07,,,
2020-01-08,,,
2020-01-09,,,
2020-01-10,,,
2020-01-13,,,
2020-01-14,,,
2020-01-15,,,
2020-01-16,,,
2020-01-17,,,
2020-01-20,,,
2020-01-21,,,
2020-01-22,,,
2020-01-23,,,
2020-01-24,,,
2020-01-27,,,
2020-01-28,,,
2020-01-29,,,
2020-01-30,,,
2020-01-31,,,
2020-02-03,,,
2020-02-04,,,
2020-02-05,,,
2020-02-06,,,
2020-02-07,,,
2020-02-10,,,
2020-02-11,,,
2020-02-12,,,
2020-02-13,,,
2020-02-14,,,
2020-02-17,,,
2020-02-18,,,
2020-02-19,,,
2020-02-20,,,
2020-02-21,,,
2020-02-24,,,
2020-02-25,,,
2020-02-26,,,
2020-02-27,,,
2020-02-28,,,
2020-03-02,,,
2020-03-03,,,
2020-03-04,,,
2020-03-05,,,
2020-03-06,,,
2020-03-09,,,
2020-03-10,,,
2020-03-11,,,
2020-03-12,,,
2020-03-13,,,
2020-03-16,,,
2020-03-17,,,
2020-03-18,,,
2020-03-19,,,
2020-03-20,,,
2020-03-23,,,
2020-03-24,,,
2020-03-25,,,
2020-03-26,,,
2020-03-27,,,
2020-03-30,,,
2020-03-31,,,
2020-04-01,,,
2020-04-02,,,
2020-04-03,,,
2020-04-06,,,
2020-04-07,,,
2020-04-08,,,
2020-04-09,,,
2020-04-10,,,
2020-04-13,,,
2020-04-14,,,
2020-04-15,,,
2020-04-16,,,
2020-04-17,,,
2020-04-20,,,
2020-04-21,,,
2020-04-22,,,
2020-04-23,,,
2020-04-24,,,
2020-04-27,,,
2020-04-28,,,
2020-04-29,,,
2020-04-30,,,
2020-05-01,,,
2020-05-04,,,
2020-05-05,,,
2020-05-06,,,
2020-05-07,,,
2020-05-08,,,
2020-05-11,,,
2020-05-12,,,
2020-05-13,,,
2020-05-14,,,
2020-05-15,,,
2020-05-18,,,
2020-05-19,,,
2020-05-20,,,
2020-05-21,,,
2020-05-22,,,
2020-05-25,,,
2020-05-26,,,
2020-05-27,,,
2020-05-28,,,
2020-05-29,,,
2020-06-01,,,
2020-06-02,,,
2020-06-03,,,
2020-06-04,,,
2020-06-05,,,
2020-06-08,,,
2020-06-09,,,
2020-06-10,,,
2020-06-11,,,
2020-06-12,,,
2020-06-15,,,
2020-06-16,,,
2020-06-17,,,
2020-06-18,,,
2020-06-19,,,
2020-06-22,,,
2020-06-23,,,
2020-06-24,,,
2020-06-25,,,
2020-06-26,,,
2020-06-29,,,
2020-06-30,,,
2020-07-01,,,
2020-07-02,,,
2020-07-03,,,
2020-07-06,,,
2020-07-07,,,
2020-07-08,,,
2020-07-09,,,
2020-07-10,,,
2020-07-13,,,
2020-07-14,,,
2020-07-15,,,
2020-07-16,,,
2020-07-17,,,
2020-07-20,,,
2020-07-21,,,
2020-07-22,,,
2020-07-23,,,
2020-07-24,,,
2020-07-27,,,
2020-07-28,,,
2020-07-29,,,
2020-07-30,,,
2020-07-31,,,
2020-08-03,,,
2020-08-04,,,
2020-08-05,,,
2020-08-06,,,
2020-08-07,,,
2020-08-10,,,
2020-08-11,,,
2020-08-12,,,
2020-08-13,,,
2020-08-14,,,
2020-08-17,,,
2020-08-18,,,
2020-08-19,,,
2020-08-20,,,
2020-08-21,,,
2020-08-24,,,
2020-08-25,,,
2020-08-26,,,
2020-08-27,,,
2020-08-28,,,
2020-08-31,,,
2020-09-01,,,
2020-09-02,,,
2020-09-03,,,
2020-09-04,,,
2020-09-07,,,
2020-09-08,,,
2020-09-09,,,
2020-09-10,,,
2020-09-11,,,
2020-09-14,,,
2020-09-15,,,
2020-09-16,,,
2020-09-17,,,
2020-09-18,,,
2020-09-21,,,
2020-09-22,,,
2020-09-23,,,
2020-09-24,,,
2020-09-25,,,
2020-09-28,,,
2020-09-29,,,
2020-09-30,,,
2020-10-01,,,
2020-10-02,,,
2020-10-05,,,
2020-10-06,,,
2020-10-07,,,
2020-10-08,,,
2020-10-09,,,
2020-10-12,,,
2020-10-13,,,
2020-10-14,,,
2020-10-15,,,
2020-10-16,,,
2020-10-19,,,
2020-10-20,,,
2020-10-21,,,
2020-10-22,,,
2020-10-23,,,
2020-10-26,,,
2020-10-27,,,
2020-10-28,,,
2020-10-29,,,
2020-10-30,,,
2020-11-02,,,
2020-11-03,,,
2020-11-04,,,
2020-11-05,,,
2020-11-06,,,
2020-11-09,,,
2020-11-10,,,
2020-11-11,,,
2020-11-12,,,
2020-11-13,,,
2020-11-16,,,
2020-11-17,,,
2020-11-18,,,
2020-11-19,,,
2020-11-20,,,
2020-11-23,,,
2020-11-24,,,
2020-11-25,,,
2020-11-26,,,
2020-11-27,,,
2020-11-30,,,
2020-12-01,,,
2020-12-02,,,
2020-12-03,,,
2020-12-04,,,
2020-12-07,,,
2020-12-08,,,
2020-12-09,,,
2020-12-10,,,
2020-12-11,,,
2020-12-14,,,
2020-12-15,,,
2020-12-16,,,
2020-12-17,,,
2020-12-18,,,
2020-12-21,,,
2020-12-22,,,
2020-12-23,,,
2020-12-24,,,
2020-12-25,,,
2020-12-28,,,
2020-12-29,,,
2020-12-30,,,
2020-12-31,,,
2021-01-01,,,
2021-01-04,,,
2021-01-05,,,
2021-01-06,,,
2021-01-07,,,
2021-01-08,,,
2021-01-11,,,
2021-01-12,,,
2021-01-13,,,
2021-01-14,,,
2021-01-15,,,
2021-01-18,,,
2021-01-19,,,
2021-01-20,,,
2021-01-21,,,
2021-01-22,,,
2021-01-25,,,
2021-01-26,,,
2021-01-27,,,
2021-01-28,,,
2021-01-29,,,
2021-02-01,,,
2021-02-02,,,
2021-02-03,,,
2021-02-04,,,
2021-02-05,,,
2021-02-08,,,
2021-02-09,,,
2021-02-10,,,
2021-02-11,,,
2021-02-12,,,
2021-02-15,,,
2021-02-16,,,
2021-02-17,,,
2021-02-18,,,
2021-02-19,,,
2021-02-22,,,
2021-02-23,,,
2021-02-24,,,
2021-02-25,,,
2021-02-26,,,
2021-03-01,,,
2021-03-02,,,
2021-03-03,,,
2021-03-04,,,
2021-03-05,,,
2021-03-08,,,
2021-03-09,,,
2021-03-10,,,
2021-03-11,,,
2021-03-12,,,
2021-03-15,,,
2021-03-16,,,
2021-03-17,,,
2021-03-18,,,
2021-03-19,,,
2021-03-22,,,
2021-03-23,,,
2021-03-24,,,
2021-03-25,,,
2021-03-26,,,
2021-03-29,,,
2021-03-30,,,
2021-03-31,,,
2021-04-01,,,
2021-04-02,,,
2021-04-05,,,
2021-04-06,,,
2021-04-07,,,
2021-04-08,,,
2021-04-09,,,
2021-04-12,,,
2021-04-13,,,
2021-04-14,,,
2021-04-15,,,
2021-04-16,,,
2021-04-19,,,
2021-04-20,,,
2021-04-21,,,
2021-04-22,,,
2021-04-23,,,
2021-04-26,,,
2021-04-27,,,
2021-04-28,,,
2021-04-29,,,
2021-04-30,,,
2021-05-03,,,
2021-05-04,,,
2021-05-05,,,
2021-05-06,,,
2021-05-07,,,
2021-05-10,,,
2021-05-11,,,
2021-05-12,,,
2021-05-13,,,
2021-05-14,,,
2021-05-17,,,
2021-05-18,,,
2021-05-19,,,
2021-05-20,,,
2021-05-21,,,
2021-05-24,,,
2021-05-25,,,
2021-05-26,,,
2021-05-27,,,
2021-05-28,,,
2021-05-31,,,
2021-06-01,,,
2021-06-02,,,
2021-06-03,,,
2021-06-04,,,
2021-06-07,,,
2021-06-08,,,
2021-06-09,,,
2021-06-10,,,
2021-06-11,,,
2021-06-14,,,
2021-06-15,,,
2021-06-16,,,
2021-06-17,,,
2021-06-18,,,
2021-06-21,,,
2021-06-22,,,
2021-06-23,,,
2021-06-24,,,
2021-06-25,,,
2021-06-28,,,
2021-06-29,,,
2021-06-30,,,
2021-07-01,,,
2021-07-02,,,
2021-07-05,,,
2021-07-06,,,
2021-07-07,,,
2021-07-08,,,
2021-07-09,,,
2021-07-12,,,
2021-07-13,,,
2021-07-14,,,
2021-07-15,,,
2021-07-16,,,
2021-07-19,,,
2021-07-20,,,
2021-07-21,,,
2021-07-22,,,
2021-07-23,,,
2021-07-26,,,
2021-07-27,,,
2021-07-28,,,
2021-07-29,,,
2021-07-30,,,
2021-08-02,,,
2021-08-03,,,
2021-08-04,,,
2021-08-05,,,
2021-08-06,,,
2021-08-09,,,
2021-08-10,,,
2021-08-11,,,
2021-08-12,,,
2021-08-13,,,
2021-08-16,,,
2021-08-17,,,
2021-08-18,,,
2021-08-19,,,
2021-08-20,,,
2021-08-23,,,
2021-08-24,,,
2021-08-25,,,
2021-08-26,,,
2021-08-27,,,
2021-08-30,,,
2021-08-31,,,
2021-09-01,,,
2021-09-02,,,
2021-09-03,,,
2021-09-06,,,
2021-09-07,,,
2021-09-08,,,
2021-09-09,,,
2021-09-10,,,
2021-09-13,,,
2021-09-14,,,
2021-09-15,,,
2021-09-16,,,
2021-09-17,,,
2021-09-20,,,
2021-09-21,,,
2021-09-22,,,
2021-09-23,,,
2021-09-24,,,
2021-09-27,,,
2021-09-28,,,
2021-09-29,,,
2021-09-30,,,
2021-10-01,,,
2021-10-04,,,
2021-10-05,,,
2021-10-06,,,
2021-10-07,,,
2021-10-08,,,
2021-10-11,,,
2021-10-12,,,
2021-10-13,,,
2021-10-14,,,
2021-10-15,,,
2021-10-18,,,
2021-10-19,,,
2021-10-20,,,
2021-10-21,,,
2021-10-22,,,
2021-10-25,,,
2021-10-26,,,
2021-10-27,,,
2021-10-28,,,
2021-10-29,,,
2021-11-01,,,
2021-11-02,,,
2021-11-03,,,
2021-11-04,,,
2021-11-05,,,
2021-11-08,,,
2021-11-09,,,
2021-11-10,,,
2021-11-11,,,
2021-11-12,,,
2021-11-15,,,
2021-11-16,,,
2021-11-17,,,
2021-11-18,,,
2021-11-19,,,
2021-11-22,,,
2021-11-23,,,
2021-11-24,,,
2021-11-25,,,
2021-11-26,,,
2021-11-29,,,
2021-11-30,,,
2021-12-01,,,
2021-12-02,,,
2021-12-03,,,
2021-12-06,,,
2021-12-07,,,
2021-12-08,,,
2021-12-09,,,
2021-12-10,,,
2021-12-13,,,
2021-12-14,,,
2021-12-15,,,
2021-12-16,,,
2021-12-17,,,
2021-12-20,,,
2021-12-21,,,
2021-12-22,,,
2021-12-23,,,
2021-12-24,,,
2021-12-27,,,
2021-12-28,,,
2021-12-29,,,
2021-12-30,,,
2021-12-31,,,
2022-01-03,,,
2022-01-04,,,
2022-01-05,,,
2022-01-06,,,
2022-01-07,,,
2022-01-10,,,
2022-01-11,,,
2022-01-12,,,
2022-01-13,,,
2022-01-14,,,
2022-01-17,,,
2022-01-18,,,
2022-01-19,,,
2022-01-20,,,
2022-01-21,,,
2022-01-24,,,
2022-01-25,,,
2022-01-26,,,
2022-01-27,,,
2022-01-28,,,
2022-01-31,,,
2022-02-01,,,
2022-02-02,,,
2022-02-03,,,
2022-02-04,,,
2022-02-07,,,
2022-02-08,,,
2022-02-09,,,
2022-02-10,,,
2022-02-11,,,
2022-02-14,,,
2022-02-15,,,
2022-02-16,,,
2022-02-17,,,
2022-02-18,,,
2022-02-21,,,
2022-02-22,,,
2022-02-23,,,
2022-02-24,,,
2022-02-25,,,
2022-02-28,,,
2022-03-01,,,
2022-03-02,,,
2022-03-03,,,
2022-03-04,,,
2022-03-07,,,
2022-03-08,,,
2022-03-09,,,
2022-03-10,,,
2022-03-11,,,
2022-03-14,,,
2022-03-15,,,
2022-03-16,,,
2022-03-17,,,
2022-03-18,,,
2022-03-21,,,
2022-03-22,,,
2022-03-23,,,
2022-03-24,,,
2022-03-25,,,
2022-03-28,,,
2022-03-29,,,
2022-03-30,,,
2022-03-31,,,
2022-04-01,,,
2022-04-04,,,
2022-04-05,,,
2022-04-06,,,
2022-04-07,,,
2022-04-08,,,
2022-04-11,,,
2022-04-12,,,
2022-04-13,,,
2022-04-14,,,
2022-04-15,,,
2022-04-18,,,
2022-04-19,,,
2022-04-20,,,
2022-04-21,,,
2022-04-22,,,
2022-04-25,,,
2022-04-26,,,
2022-04-27,,,
2022-04-28,,,
2022-04-29,,,
2022-05-02,,,
2022-05-03,,,
2022-05-04,,,
2022-05-05,,,
2022-05-06,,,
2022-05-09,,,
2022-05-10,,,
2022-05-11,,,
2022-05-12,,,
2022-05-13,,,
2022-05-16,,,
2022-05-17,,,
2022-05-18,,,
2022-05-19,,,
2022-05-20,,,
2022-05-23,,,
2022-05-24,,,
2022-05-25,,,
2022-05-26,,,
2022-05-27,,,
2022-05-30,,,
2022-05-31,,,
2022-06-01,,,
2022-06-02,,,
2022-06-03,,,
2022-06-06,,,
2022-06-07,,,
2022-06-08,,,
2022-06-09,,,
2022-06-10,,,
2022-06-13,,,
2022-06-14,,,
2022-06-15,,,
2022-06-16,,,
2022-06-17,,,
2022-06-20,,,
2022-06-21,,,
2022-06-22,,,
2022-06-23,,,
2022-06-24,,,
2022-06-27,,,
2022-06-28,,,
2022-06-29,,,
2022-06-30,,,
2022-07-01,,,
2022-07-04,,,
2022-07-05,,,
2022-07-06,,,
2022-07-07,,,
2022-07-08,,,
2022-07-11,,,
2022-07-12,,,
2022-07-13,,,
2022-07-14,,,
2022-07-15,,,
2022-07-18,,,
2022-07-19,,,
2022-07-20,,,
2022-07-21,,,
2022-07-22,,,
2022-07-25,,,
2022-07-26,,,
2022-07-27,,,
2022-07-28,,,
2022-07-29,,,
2022-08-01,,,
2022-08-02,,,
2022-08-03,,,
2022-08-04,,,
2022-08-05,,,
2022-08-08,,,
2022-08-09,,,
2022-08-10,,,
2022-08-11,,,
2022-08-12,,,
2022-08-15,,,
2022-08-16,,,
2022-08-17,,,
2022-08-18,,,
2022-08-19,,,
2022-08-22,,,
2022-08-23,,,
2022-08-24,,,
2022-08-25,,,
2022-08-26,,,
2022-08-29,,,
2022-08-30,,,
2022-08-31,,,
2022-09-01,,,
2022-09-02,,,
2022-09-05,,,
2022-09-06,,,
2022-09-07,,,
2022-09-08,,,
2022-09-09,,,
2022-09-12,,,
2022-09-13,,,
2022-09-14,,,
2022-09-15,,,
2022-09-16,,,
2022-09-19,,,
2022-09-20,,,
2022-09-21,,,
2022-09-22,,,
2022-09-23,,,
2022-09-26,,,
2022-09-27,,,
2022-09-28,,,
2022-09-29,,,
2022-09-30,,,
2022-10-03,,,
2022-10-04,,,
2022-10-05,,,
2022-10-06,,,
2022-10-07,,,
2022-10-10,,,
2022-10-11,,,
2022-10-12,,,
2022-10-13,,,
2022-10-14,,,
2022-10-17,,,
2022-10-18,,,
2022-10-19,,,
2022-10-20,,,
2022-10-21,,,
2022-10-24,,,
2022-10-25,,,
2022-10-26,,,
2022-10-27,,,
2022-10-28,,,
2022-10-31,,,
2022-11-01,,,
2022-11-02,,,
2022-11-03,,,
2022-11-04,,,
2022-11-07,,,
2022-11-08,,,
2022-11-09,,,
2022-11-10,,,
2022-11-11,,,
2022-11-14,,,
2022-11-15,,,
2022-11-16,,,
2022-11-17,,,
2022-11-18,,,
2022-11-21,,,
2022-11-22,,,
2022-11-23,,,
2022-11-24,,,
2022-11-25,,,
2022-11-28,,,
2022-11-29,,,
2022-11-30,,,
2022-12-01,,,
2022-12-02,,,
2022-12-05,,,
2022-12-06,,,
2022-12-07,,,
2022-12-08,,,
2022-12-09,,,
2022-12-12,,,
2022-12-13,,,
2022-12-14,,,
2022-12-15,,,
2022-12-16,,,
2022-12-19,,,
2022-12-20,,,
2022-12-21,,,
2022-12-22,,,
2022-12-23,,,
Date,,,
2017-12-25,,,
2017-12-26,,,
2017-12-27,,,
2017-12-28,,,
2017-12-29,,,
2018-01-01,,,
2018-01-02,,,
2018-01-03,,,
2018-01-04,,,
2018-01-05,,,
2018-01-08,,,
2018-01-09,,,
2018-01-10,,,
2018-01-11,,,
2018-01-12,,,
2018-01-15,,,
2018-01-16,,,
2018-01-17,,,
2018-01-18,,,
2018-01-19,,,
2018-01-22,,,
2018-01-23,,,
2018-01-24,,,
2018-01-25,,,
2018-01-26,,,
2018-01-29,,,
2018-01-30,,,
2018-01-31,,,
2018-02-01,,,
2018-02-02,,,
2018-02-05,,,
2018-02-06,,,
2018-02-07,,,
2018-02-08,,,
2018-02-09,,,
2018-02-12,,,
2018-02-13,,,
2018-02-14,,,
2018-02-15,,,
2018-02-16,,,
2018-02-19,,,
2018-02-20,,,
2018-02-21,,,
2018-02-22,,,
2018-02-23,,,
2018-02-26,,,
2018-02-27,,,
2018-02-28,,,
2018-03-01,,,
2018-03-02,,,
2018-03-05,,,
2018-03-06,,,
2018-03-07,,,
2018-03-08,,,
2018-03-09,,,
2018-03-12,,,
2018-03-13,,,
2018-03-14,,,
2018-03-15,,,
2018-03-16,,,
2018-03-19,,,
2018-03-20,,,
2018-03-21,,,
2018-03-22,,,
2018-03-23,,,
2018-03-26,,,
2018-03-27,,,
2018-03-28,,,
2018-03-29,,,
2018-03-30,,,
2018-04-02,,,
2018-04-03,,,
2018-04-04,,,
2018-04-05,,,
2018-04-06,,,
2018-04-09,,,
2018-04-10,,,
2018-04-11,,,
2018-04-12,,,
2018-04-13,,,
2018-04-16,,,
2018-04-17,,,
2018-04-18,,,
2018-04-19,,,
2018-04-20,,,
2018-04-23,,,
2018-04-24,,,
2018-04-25,,,
2018-04-26,,,
2018-04-27,,,
2018-04-30,,,
2018-05-01,,,
2018-05-02,,,
2018-05-03,,,
2018-05-04,,,
2018-05-07,,,
2018-05-08,,,
2018-05-09,,,
2018-05-10,,,
2018-05-11,,,
2018-05-14,,,
2018-05-15,,,
2018-05-16,,,
2018-05-17,,,
2018-05-18,,,
2018-05-21,,,
2018-05-22,,,
2018-05-23,,,
2018-05-24,,,
2018-05-25,,,
2018-05-28,,,
2018-05-29,,,
2018-05-30,,,
2018-05-31,,,
2018-06-01,,,
2018-06-04,,,
2018-06-05,,,
2018-06-06,,,
2018-06-07,,,
2018-06-08,,,
2018-06-11,,,
2018-06-12,,,
2018-06-13,,,
2018-06-14,,,
2018-06-15,,,
2018-06-18,,,
2018-06-19,,,
2018-06-20,,,
2018-06-21,,,
2018-06-22,,,
2018-06-25,,,
2018-06-26,,,
2018-06-27,,,
2018-06-28,,,
2018-06-29,,,
2018-07-02,,,
2018-07-03,,,
2018-07-04,,,
2018-07-05,,,
2018-07-06,,,
2018-07-09,,,
2018-07-10,,,
2018-07-11,,,
2018-07-12,,,
2018-07-13,,,
2018-07-16,,,
2018-07-17,,,
2018-07-18,,,
2018-07-19,,,
2018-07-20,,,
2018-07-23,,,
2018-07-24,,,
2018-07-25,,,
2018-07-26,,,
2018-07-27,,,
2018-07-30,,,
2018-07-31,,,
2018-08-01,,,
2018-08-02,,,
2018-08-03,,,
2018-08-06,,,
2018-08-07,,,
2018-08-08,,,
2018-08-09,,,
2018-08-10,,,
2018-08-13,,,
2018-08-14,,,
2018-08-15,,,
2018-08-16,,,
2018-08-17,,,
2018-08-20,,,
2018-08-21,,,
2018-08-22,,,
2018-08-23,,,
2018-08-24,,,
2018-08-27,,,
2018-08-28,,,
2018-08-29,,,
2018-08-30,,,
2018-08-31,,,
2018-09-03,,,
2018-09-04,,,
2018-09-05,,,
2018-09-06,,,
2018-09-07,,,
2018-09-10,,,
2018-09-11,,,
2018-09-12,,,
2018-09-13,,,
2018-09-14,,,
2018-09-17,,,
2018-09-18,,,
2018-09-19,,,
2018-09-20,,,
2018-09-21,,,
2018-09-24,,,
2018-09-25,,,
2018-09-26,,,
2018-09-27,,,
2018-09-28,,,
2018-10-01,,,
2018-10-02,,,
2018-10-03,,,
2018-10-04,,,
2018-10-05,,,
2018-10-08,,,
2018-10-09,,,
2018-10-10,,,
2018-10-11,,,
2018-10-12,,,
2018-10-15,,,
2018-10-16,,,
2018-10-17,,,
2018-10-18,,,
2018-10-19,,,
2018-10-22,,,
2018-10-23,,,
2018-10-24,,,
2018-10-25,,,
2018-10-26,,,
2018-10-29,,,
2018-10-30,,,
2018-10-31,,,
2018-11-01,,,
2018-11-02,,,
2018-11-05,,,
2018-11-06,,,
2018-11-07,,,
2018-11-08,,,
2018-11-09,,,
2018-11-12,,,
2018-11-13,,,
2018-11-14,,,
2018-11-15,,,
2018-11-16,,,
2018-11-19,,,
2018-11-20,,,
2018-11-21,,,
2018-11-22,,,
2018-11-23,,,
2018-11-26,,,
2018-11-27,,,
2018-11-28,,,
2018-11-29,,,
2018-11-30,,,
2018-12-03,,,
2018-12-04,,,
2018-12-05,,,
2018-12-06,,,
2018-12-07,,,
2018-12-10,,,
2018-12-11,,,
2018-12-12,,,
2018-12-13,,,
2018-12-14,,,
2018-12-17,,,
2018-12-18,,,
2018-12-19,,,
2018-12-20,,,
2018-12-21,,,
2018-12-24,,,
2018-12-25,,,
2018-12-26,,,
2018-12-27,,,
2018-12-28,,,
2018-12-31,,,
2019-01-01,,,
2019-01-02,,,
2019-01-03,,,
2019-01-04,,,
2019-01-07,,,
2019-01-08,,,
2019-01-09,,,
2019-01-10,,,
2019-01-11,,,
2019-01-14,,,
2019-01-15,,,
2019-01-16,,,
2019-01-17,,,
2019-01-18,,,
2019-01-21,,,
2019-01-22,,,
2019-01-23,,,
2019-01-24,,,
2019-01-25,,,
2019-01-28,,,
2019-01-29,,,
2019-01-30,,,
2019-01-31,,,
2019-02-01,,,
2019-02-04,,,
2019-02-05,,,
2019-02-06,,,
2019-02-07,,,
2019-02-08,,,
2019-02-11,,,
2019-02-12,,,
2019-02-13,,,
2019-02-14,,,
2019-02-15,,,
2019-02-18,,,
2019-02-19,,,
2019-02-20,,,
2019-02-21,,,
2019-02-22,,,
2019-02-25,,,
2019-02-26,,,
2019-02-27,,,
2019-02-28,,,
2019-03-01,,,
2019-03-04,,,
2019-03-05,,,
2019-03-06,,,
2019-03-07,,,
2019-03-08,,,
2019-03-11,,,
2019-03-12,,,
2019-03-13,,,
2019-03-14,,,
2019-03-15,,,
2019-03-18,,,
2019-03-19,,,
2019-03-20,,,
2019-03-21,,,
2019-03-22,,,
2019-03-25,,,
2019-03-26,,,
2019-03-27,,,
2019-03-28,,,
2019-03-29,,,
2019-04-01,,,
2019-04-02,,,
2019-04-03,,,
2019-04-04,,,
2019-04-05,,,
2019-04-08,,,
2019-04-09,,,
2019-04-10,,,
2019-04-11,,,
2019-04-12,,,
2019-04-15,,,
2019-04-16,,,
2019-04-17,,,
2019-04-18,,,
2019-04-19,,,
2019-04-22,,,
2019-04-23,,,
2019-04-24,,,
2019-04-25,,,
2019-04-26,,,
2019-04-29,,,
2019-04-30,,,
2019-05-01,,,
2019-05-02,,,
2019-05-03,,,
2019-05-06,,,
2019-05-07,,,
2019-05-08,,,
2019-05-09,,,
2019-05-10,,,
2019-05-13,,,
2019-05-14,,,
2019-05-15,,,
2019-05-16,,,
2019-05-17,,,
2019-05-20,,,
2019-05-21,,,
2019-05-22,,,
2019-05-23,,,
2019-05-24,,,
2019-05-27,,,
2019-05-28,,,
2019-05-29,,,
2019-05-30,,,
2019-05-31,,,
2019-06-03,,,
2019-06-04,,,
2019-06-05,,,
2019-06-06,,,
2019-06-07,,,
2019-06-10,,,
2019-06-11,,,
2019-06-12,,,
2019-06-13,,,
2019-06-14,,,
2019-06-17,,,
2019-06-18,,,
2019-06-19,,,
2019-06-20,,,
2019-06-21,,,
2019-06-24,,,
2019-06-25,,,
2019-06-26,,,
2019-06-27,,,
2019-06-28,,,
2019-07-01,,,
2019-07-02,,,
2019-07-03,,,
2019-07-04,,,
2019-07-05,,,
2019-07-08,,,
2019-07-09,,,
2019-07-10,,,
2019-07-11,,,
2019-07-12,,,
2019-07-15,,,
2019-07-16,,,
2019-07-17,,,
2019-07-18,,,
2019-07-19,,,
2019-07-22,,,
2019-07-23,,,
2019-07-24,,,
2019-07-25,,,
2019-07-26,,,
2019-07-29,,,
2019-07-30,,,
2019-07-31,,,
2019-08-01,,,
2019-08-02,,,
2019-08-05,,,
2019-08-06,,,
2019-08-07,,,
2019-08-08,,,
2019-08-09,,,
2019-08-12,,,
2019-08-13,,,
2019-08-14,,,
2019-08-15,,,
2019-08-16,,,
2019-08-19,,,
2019-08-20,,,
2019-08-21,,,
2019-08-22,,,
2019-08-23,,,
2019-08-26,,,
2019-08-27,,,
2019-08-28,,,
2019-08-29,,,
2019-08-30,,,
2019-09-02,,,
2019-09-03,,,
2019-09-04,,,
2019-09-05,,,
2019-09-06,,,
2019-09-09,,,
2019-09-10,,,
2019-09-11,,,
2019-09-12,,,
2019-09-13,,,
2019-09-16,,,
2019-09-17,,,
2019-09-18,,,
2019-09-19,,,
2019-09-20,,,
2019-09-23,,,
2019-09-24,,,
2019-09-25,,,
2019-09-26,,,
2019-09-27,,,
2019-09-30,,,
2019-10-01,,,
2019-10-02,,,
2019-10-03,,,
2019-10-04,,,
2019-10-07,,,
2019-10-08,,,
2019-10-09,,,
2019-10-10,,,
2019-10-11,,,
2019-10-14,,,
2019-10-15,,,
2019-10-16,,,
2019-10-17,,,
2019-10-18,,,
2019-10-21,,,
2019-10-22,,,
2019-10-23,,,
2019-10-24,,,
2019-10-25,,,
2019-10-28,,,
2019-10-29,,,
2019-10-30,,,
2019-10-31,,,
2019-11-01,,,
2019-11-04,,,
2019-11-05,,,
2019-11-06,,,
2019-11-07,,,
2019-11-08,,,
2019-11-11,,,
2019-11-12,,,
2019-11-13,,,
2019-11-14,,,
2019-11-15,,,
2019-11-18,,,
2019-11-19,,,
2019-11-20,,,
2019-11-21,,,
2019-11-22,,,
2019-11-25,,,
2019-11-26,,,
2019-11-27,,,
2019-11-28,,,
2019-11-29,,,
2019-12-02,,,
2019-12-03,,,
2019-12-04,,,
2019-12-05,,,
2019-12-06,,,
2019-12-09,,,
2019-12-10,,,
2019-12-11,,,
2019-12-12,,,
2019-12-13,,,
2019-12-16,,,
2019-12-17,,,
2019-12-18,,,
2019-12-19,,,
2019-12-20,,,
2019-12-23,,,
2019-12-24,,,
2019-12-25,,,
2019-12-26,,,
2019-12-27,,,
2019-12-30,,,
2019-12-31,,,
2020-01-01,,,
2020-01-02,,,
2020-01-03,,,
2020-01-06,,,
2020-01-07,,,
2020-01-08,,,
2020-01-09,,,
2020-01-10,,,
2020-01-13,,,
2020-01-14,,,
2020-01-15,,,
2020-01-16,,,
2020-01-17,,,
2020-01-20,,,
2020-01-21,,,
2020-01-22,,,
2020-01-23,,,
2020-01-24,,,
2020-01-27,,,
2020-01-28,,,
2020-01-29,,,
2020-01-30,,,
2020-01-31,,,
2020-02-03,,,
2020-02-04,,,
2020-02-05,,,
2020-02-06,,,
2020-02-07,,,
2020-02-10,,,
2020-02-11,,,
2020-02-12,,,
2020-02-13,,,
2020-02-14,,,
2020-02-17,,,
2020-02-18,,,
2020-02-19,,,
2020-02-20,,,
2020-02-21,,,
2020-02-24,,,
2020-02-25,,,
2020-02-26,,,
2020-02-27,,,
2020-02-28,,,
2020-03-02,,,
2020-03-03,,,
2020-03-04,,,
2020-03-05,,,
2020-03-06,,,
2020-03-09,,,
2020-03-10,,,
2020-03-11,,,
2020-03-12,,,
2020-03-13,,,
2020-03-16,,,
2020-03-17,,,
2020-03-18,,,
2020-03-19,,,
2020-03-20,,,
2020-03-23,,,
2020-03-24,,,
2020-03-25,,,
2020-03-26,,,
2020-03-27,,,
2020-03-30,,,
2020-03-31,,,
2020-04-01,,,
2020-04-02,,,
2020-04-03,,,
2020-04-06,,,
2020-04-07,,,
2020-04-08,,,
2020-04-09,,,
2020-04-10,,,
2020-04-13,,,
2020-04-14,,,
2020-04-15,,,
2020-04-16,,,
2020-04-17,,,
2020-04-20,,,
2020-04-21,,,
2020-04-22,,,
2020-04-23,,,
2020-04-24,,,
2020-04-27,,,
2020-04-28,,,
2020-04-29,,,
2020-04-30,,,
2020-05-01,,,
2020-05-04,,,
2020-05-05,,,
2020-05-06,,,
2020-05-07,,,
2020-05-08,,,
2020-05-11,,,
2020-05-12,,,
2020-05-13,,,
2020-05-14,,,
2020-05-15,,,
2020-05-18,,,
2020-05-19,,,
2020-05-20,,,
2020-05-21,,,
2020-05-22,,,
2020-05-25,,,
2020-05-26,,,
2020-05-27,,,
2020-05-28,,,
2020-05-29,,,
2020-06-01,,,
2020-06-02,,,
2020-06-03,,,
2020-06-04,,,
2020-06-05,,,
2020-06-08,,,
2020-06-09,,,
2020-06-10,,,
2020-06-11,,,
2020-06-12,,,
2020-06-15,,,
2020-06-16,,,
2020-06-17,,,
2020-06-18,,,
2020-06-19,,,
2020-06-22,,,
2020-06-23,,,
2020-06-24,,,
2020-06-25,,,
2020-06-26,,,
2020-06-29,,,
2020-06-30,,,
2020-07-01,,,
2020-07-02,,,
2020-07-03,,,
2020-07-06,,,
2020-07-07,,,
2020-07-08,,,
2020-07-09,,,
2020-07-10,,,
2020-07-13,,,
2020-07-14,,,
2020-07-15,,,
2020-07-16,,,
2020-07-17,,,
2020-07-20,,,
2020-07-21,,,
2020-07-22,,,
2020-07-23,,,
2020-07-24,,,
2020-07-27,,,
2020-07-28,,,
2020-07-29,,,
2020-07-30,,,
2020-07-31,,,
2020-08-03,,,
2020-08-04,,,
2020-08-05,,,
2020-08-06,,,
2020-08-07,,,
2020-08-10,,,
2020-08-11,,,
2020-08-12,,,
2020-08-13,,,
2020-08-14,,,
2020-08-17,,,
2020-08-18,,,
2020-08-19,,,
2020-08-20,,,
2020-08-21,,,
2020-08-24,,,
2020-08-25,,,
2020-08-26,,,
2020-08-27,,,
2020-08-28,,,
2020-08-31,,,
2020-09-01,,,
2020-09-02,,,
2020-09-03,,,
2020-09-04,,,
2020-09-07,,,
2020-09-08,,,
2020-09-09,,,
2020-09-10,,,
2020-09-11,,,
2020-09-14,,,
2020-09-15,,,
2020-09-16,,,
2020-09-17,,,
2020-09-18,,,
2020-09-21,,,
2020-09-22,,,
2020-09-23,,,
2020-09-24,,,
2020-09-25,,,
2020-09-28,,,
2020-09-29,,,
2020-09-30,,,
2020-10-01,,,
2020-10-02,,,
2020-10-05,,,
2020-10-06,,,
2020-10-07,,,
2020-10-08,,,
2020-10-09,,,
2020-10-12,,,
2020-10-13,,,
2020-10-14,,,
2020-10-15,,,
2020-10-16,,,
2020-10-19,,,
2020-10-20,,,
2020-10-21,,,
2020-10-22,,,
2020-10-23,,,
2020-10-26,,,
2020-10-27,,,
2020-10-28,,,
2020-10-29,,,
2020-10-30,,,
2020-11-02,,,
2020-11-03,,,
2020-11-04,,,
2020-11-05,,,
2020-11-06,,,
2020-11-09,,,
2020-11-10,,,
2020-11-11,,,
2020-11-12,,,
2020-11-13,,,
2020-11-16,,,
2020-11-17,,,
2020-11-18,,,
2020-11-19,,,
2020-11-20,,,
2020-11-23,,,
2020-11-24,,,
2020-11-25,,,
2020-11-26,,,
2020-11-27,,,
2020-11-30,,,
2020-12-01,,,
2020-12-02,,,
2020-12-03,,,
2020-12-04,,,
2020-12-07,,,
2020-12-08,,,
2020-12-09,,,
2020-12-10,,,
2020-12-11,,,
2020-12-14,,,
2020-12-15,,,
2020-12-16,,,
2020-12-17,,,
2020-12-18,,,
2020-12-21,,,
2020-12-22,,,
2020-12-23,,,
2020-12-24,,,
2020-12-25,,,
2020-12-28,,,
2020-12-29,,,
2020-12-30,,,
2020-12-31,,,
2021-01-01,,,
2021-01-04,,,
2021-01-05,,,
2021-01-06,,,
2021-01-07,,,
2021-01-08,,,
2021-01-11,,,
2021-01-12,,,
2021-01-13,,,
2021-01-14,,,
2021-01-15,,,
2021-01-18,,,
2021-01-19,,,
2021-01-20,,,
2021-01-21,,,
2021-01-22,,,
2021-01-25,,,
2021-01-26,,,
2021-01-27,,,
2021-01-28,,,
2021-01-29,,,
2021-02-01,,,
2021-02-02,,,
2021-02-03,,,
2021-02-04,,,
2021-02-05,,,
2021-02-08,,,
2021-02-09,,,
2021-02-10,,,
2021-02-11,,,
2021-02-12,,,
2021-02-15,,,
2021-02-16,,,
2021-02-17,,,
2021-02-18,,,
2021-02-19,,,
2021-02-22,,,
2021-02-23,,,
2021-02-24,,,
2021-02-25,,,
2021-02-26,,,
2021-03-01,,,
2021-03-02,,,
2021-03-03,,,
2021-03-04,,,
2021-03-05,,,
2021-03-08,,,
2021-03-09,,,
2021-03-10,,,
2021-03-11,,,
2021-03-12,,,
2021-03-15,,,
2021-03-16,,,
2021-03-17,,,
2021-03-18,,,
2021-03-19,,,
2021-03-22,,,
2021-03-23,,,
2021-03-24,,,
2021-03-25,,,
2021-03-26,,,
2021-03-29,,,
2021-03-30,,,
2021-03-31,,,
2021-04-01,,,
2021-04-02,,,
2021-04-05,,,
2021-04-06,,,
2021-04-07,,,
2021-04-08,,,
2021-04-09,,,
2021-04-12,,,
2021-04-13,,,
2021-04-14,,,
2021-04-15,,,
2021-04-16,,,
2021-04-19,,,
2021-04-20,,,
2021-04-21,,,
2021-04-22,,,
2021-04-23,,,
2021-04-26,,,
2021-04-27,,,
2021-04-28,,,
2021-04-29,,,
2021-04-30,,,
2021-05-03,,,
2021-05-04,,,
2021-05-05,,,
2021-05-06,,,
2021-05-07,,,
2021-05-10,,,
2021-05-11,,,
2021-05-12,,,
2021-05-13,,,
2021-05-14,,,
2021-05-17,,,
2021-05-18,,,
2021-05-19,,,
2021-05-20,,,
2021-05-21,,,
2021-05-24,,,
2021-05-25,,,
2021-05-26,,,
2021-05-27,,,
2021-05-28,,,
2021-05-31,,,
2021-06-01,,,
2021-06-02,,,
2021-06-03,,,
2021-06-04,,,
2021-06-07,,,
2021-06-08,,,
2021-06-09,,,
2021-06-10,,,
2021-06-11,,,
2021-06-14,,,
2021-06-15,,,
2021-06-16,,,
2021-06-17,,,
2021-06-18,,,
2021-06-21,,,
2021-06-22,,,
2021-06-23,,,
2021-06-24,,,
2021-06-25,,,
2021-06-28,,,
2021-06-29,,,
2021-06-30,,,
2021-07-01,,,
2021-07-02,,,
2021-07-05,,,
2021-07-06,,,
2021-07-07,,,
2021-07-08,,,
2021-07-09,,,
2021-07-12,,,
2021-07-13,,,
2021-07-14,,,
2021-07-15,,,
2021-07-16,,,
2021-07-19,,,
2021-07-20,,,
2021-07-21,,,
2021-07-22,,,
2021-07-23,,,
2021-07-26,,,
2021-07-27,,,
2021-07-28,,,
2021-07-29,,,
2021-07-30,,,
2021-08-02,,,
2021-08-03,,,
2021-08-04,,,
2021-08-05,,,
2021-08-06,,,
2021-08-09,,,
2021-08-10,,,
2021-08-11,,,
2021-08-12,,,
2021-08-13,,,
2021-08-16,,,
2021-08-17,,,
2021-08-18,,,
2021-08-19,,,
2021-08-20,,,
2021-08-23,,,
2021-08-24,,,
2021-08-25,,,
2021-08-26,,,
2021-08-27,,,
2021-08-30,,,
2021-08-31,,,
2021-09-01,,,
2021-09-02,,,
2021-09-03,,,
2021-09-06,,,
2021-09-07,,,
2021-09-08,,,
2021-09-09,,,
2021-09-10,,,
2021-09-13,,,
2021-09-14,,,
2021-09-15,,,
2021-09-16,,,
2021-09-17,,,
2021-09-20,,,
2021-09-21,,,
2021-09-22,,,
2021-09-23,,,
2021-09-24,,,
2021-09-27,,,
2021-09-28,,,
2021-09-29,,,
2021-09-30,,,
2021-10-01,,,
2021-10-04,,,
2021-10-05,,,
2021-10-06,,,
2021-10-07,,,
2021-10-08,,,
2021-10-11,,,
2021-10-12,,,
2021-10-13,,,
2021-10-14,,,
2021-10-15,,,
2021-10-18,,,
2021-10-19,,,
2021-10-20,,,
2021-10-21,,,
2021-10-22,,,
2021-10-25,,,
2021-10-26,,,
2021-10-27,,,
2021-10-28,,,
2021-10-29,,,
2021-11-01,,,
2021-11-02,,,
2021-11-03,,,
2021-11-04,,,
2021-11-05,,,
2021-11-08,,,
2021-11-09,,,
2021-11-10,,,
2021-11-11,,,
2021-11-12,,,
2021-11-15,,,
2021-11-16,,,
2021-11-17,,,
2021-11-18,,,
2021-11-19,,,
2021-11-22,,,
2021-11-23,,,
2021-11-24,,,
2021-11-25,,,
2021-11-26,,,
2021-11-29,,,
2021-11-30,,,
2021-12-01,,,
2021-12-02,,,
2021-12-03,,,
2021-12-06,,,
2021-12-07,,,
2021-12-08,,,
2021-12-09,,,
2021-12-10,,,
2021-12-13,,,
2021-12-14,,,
2021-12-15,,,
2021-12-16,,,
2021-12-17,,,
2021-12-20,,,
2021-12-21,,,
2021-12-22,,,
2021-12-23,,,
2021-12-24,,,
2021-12-27,,,
2021-12-28,,,
2021-12-29,,,
2021-12-30,,,
2021-12-31,,,
2022-01-03,,,
2022-01-04,,,
2022-01-05,,,
2022-01-06,,,
2022-01-07,,,
2022-01-10,,,
2022-01-11,,,
2022-01-12,,,
2022-01-13,,,
2022-01-14,,,
2022-01-17,,,
2022-01-18,,,
2022-01-19,,,
2022-01-20,,,
2022-01-21,,,
2022-01-24,,,
2022-01-25,,,
2022-01-26,,,
2022-01-27,,,
2022-01-28,,,
2022-01-31,,,
2022-02-01,,,
2022-02-02,,,
2022-02-03,,,
2022-02-04,,,
2022-02-07,,,
2022-02-08,,,
2022-02-09,,,
2022-02-10,,,
2022-02-11,,,
2022-02-14,,,
2022-02-15,,,
2022-02-16,,,
2022-02-17,,,
2022-02-18,,,
2022-02-21,,,
2022-02-22,,,
2022-02-23,,,
2022-02-24,,,
2022-02-25,,,
2022-02-28,,,
2022-03-01,,,
2022-03-02,,,
2022-03-03,,,
2022-03-04,,,
2022-03-07,,,
2022-03-08,,,
2022-03-09,,,
2022-03-10,,,
2022-03-11,,,
2022-03-14,,,
2022-03-15,,,
2022-03-16,,,
2022-03-17,,,
2022-03-18,,,
2022-03-21,,,
2022-03-22,,,
2022-03-23,,,
2022-03-24,,,
2022-03-25,,,
2022-03-28,,,
2022-03-29,,,
2022-03-30,,,
2022-03-31,,,
2022-04-01,,,
2022-04-04,,,
2022-04-05,,,
2022-04-06,,,
2022-04-07,,,
2022-04-08,,,
2022-04-11,,,
2022-04-12,,,
2022-04-13,,,
2022-04-14,,,
2022-04-15,,,
2022-04-18,,,
2022-04-19,,,
2022-04-20,,,
2022-04-21,,,
2022-04-22,,,
2022-04-25,,,
2022-04-26,,,
2022-04-27,,,
2022-04-28,,,
2022-04-29,,,
2022-05-02,,,
2022-05-03,,,
2022-05-04,,,
2022-05-05,,,
2022-05-06,,,
2022-05-09,,,
2022-05-10,,,
2022-05-11,,,
2022-05-12,,,
2022-05-13,,,
2022-05-16,,,
2022-05-17,,,
2022-05-18,,,
2022-05-19,,,
2022-05-20,,,
2022-05-23,,,
2022-05-24,,,
2022-05-25,,,
2022-05-26,,,
2022-05-27,,,
2022-05-30,,,
2022-05-31,,,
2022-06-01,,,
2022-06-02,,,
2022-06-03,,,
2022-06-06,,,
2022-06-07,,,
2022-06-08,,,
2022-06-09,,,
2022-06-10,,,
2022-06-13,,,
2022-06-14,,,
2022-06-15,,,
2022-06-16,,,
2022-06-17,,,
2022-06-20,,,
2022-06-21,,,
2022-06-22,,,
2022-06-23,,,
2022-06-24,,,
2022-06-27,,,
2022-06-28,,,
2022-06-29,,,
2022-06-30,,,
2022-07-01,,,
2022-07-04,,,
2022-07-05,,,
2022-07-06,,,
2022-07-07,,,
2022-07-08,,,
2022-07-11,,,
2022-07-12,,,
2022-07-13,,,
2022-07-14,,,
2022-07-15,,,
2022-07-18,,,
2022-07-19,,,
2022-07-20,,,
2022-07-21,,,
2022-07-22,,,
2022-07-25,,,
2022-07-26,,,
2022-07-27,,,
2022-07-28,,,
2022-07-29,,,
2022-08-01,,,
2022-08-02,,,
2022-08-03,,,
2022-08-04,,,
2022-08-05,,,
2022-08-08,,,
2022-08-09,,,
2022-08-10,,,
2022-08-11,,,
2022-08-12,,,
2022-08-15,,,
2022-08-16,,,
2022-08-17,,,
2022-08-18,,,
2022-08-19,,,
2022-08-22,,,
2022-08-23,,,
2022-08-24,,,
2022-08-25,,,
2022-08-26,,,
2022-08-29,,,
2022-08-30,,,
2022-08-31,,,
2022-09-01,,,
2022-09-02,,,
2022-09-05,,,
2022-09-06,,,
2022-09-07,,,
2022-09-08,,,
2022-09-09,,,
2022-09-12,,,
2022-09-13,,,
2022-09-14,,,
2022-09-15,,,
2022-09-16,,,
2022-09-19,,,
2022-09-20,,,
2022-09-21,,,
2022-09-22,,,
2022-09-23,,,
2022-09-26,,,
2022-09-27,,,
2022-09-28,,,
2022-09-29,,,
2022-09-30,,,
2022-10-03,,,
2022-10-04,,,
2022-10-05,,,
2022-10-06,,,
2022-10-07,,,
2022-10-10,,,
2022-10-11,,,
2022-10-12,,,
2022-10-13,,,
2022-10-14,,,
2022-10-17,,,
2022-10-18,,,
2022-10-19,,,
2022-10-20,,,
2022-10-21,,,
2022-10-24,,,
2022-10-25,,,
2022-10-26,,,
2022-10-27,,,
2022-10-28,,,
2022-10-31,,,
2022-11-01,,,
2022-11-02,,,
2022-11-03,,,
2022-11-04,,,
2022-11-07,,,
2022-11-08,,,
2022-11-09,,,
2022-11-10,,,
2022-11-11,,,
2022-11-14,,,
2022-11-15,,,
2022-11-16,,,
2022-11-17,,,
2022-11-18,,,
2022-11-21,,,
2022-11-22,,,
2022-11-23,,,
2022-11-24,,,
2022-11-25,,,
2022-11-28,,,
2022-11-29,,,
2022-11-30,,,
2022-12-01,,,
2022-12-02,,,
2022-12-05,,,
2022-12-06,,,
2022-12-07,,,
2022-12-08,,,
2022-12-09,,,
2022-12-12,,,
2022-12-13,,,
2022-12-14,,,
2022-12-15,,,
2022-12-16,,,
2022-12-19,,,
2022-12-20,,,
2022-12-21,,,
2022-12-22,,,
2022-12-23,,,