Date,CPIENGSL,CAPG211S,CAPUTLG211S,IPG211S,IPG211111CN,INDPRO,IPN213111N,PCU211211
1919-01-01,,,,,,4.8902,,
1919-02-01,,,,,,4.674,,
1919-03-01,,,,,,4.5389,,
1919-04-01,,,,,,4.62,,
1919-05-01,,,,,,4.647,,
1919-06-01,,,,,,4.9442,,
1919-07-01,,,,,,5.2414,,
1919-08-01,,,,,,5.3224,,
1919-09-01,,,,,,5.2144,,
1919-10-01,,,,,,5.1603,,
1919-11-01,,,,,,5.0793,,
1919-12-01,,,,,,5.1603,,
1920-01-01,,,,,,5.6467,,
1920-02-01,,,,,,5.6467,,
1920-03-01,,,,,,5.5386,,
1920-04-01,,,,,,5.2414,,
1920-05-01,,,,,,5.3765,,
1920-06-01,,,,,,5.4305,,
1920-07-01,,,,,,5.2954,,
1920-08-01,,,,,,5.3224,,
1920-09-01,,,,,,5.1333,,
1920-10-01,,,,,,4.9172,,
1920-11-01,,,,,,4.5119,,
1920-12-01,,,,,,4.2417,,
1921-01-01,,,,,,3.9986,,
1921-02-01,,,,,,3.9175,,
1921-03-01,,,,,,3.8095,,
1921-04-01,,,,,,3.8095,,
1921-05-01,,,,,,3.9175,,
1921-06-01,,,,,,3.8905,,
1921-07-01,,,,,,3.8635,,
1921-08-01,,,,,,3.9986,,
1921-09-01,,,,,,4.0256,,
1921-10-01,,,,,,4.2688,,
1921-11-01,,,,,,4.2147,,
1921-12-01,,,,,,4.1877,,
1922-01-01,,,,,,4.3498,,
1922-02-01,,,,,,4.5389,,
1922-03-01,,,,,,4.7821,,
1922-04-01,,,,,,4.62,,
1922-05-01,,,,,,4.8631,,
1922-06-01,,,,,,5.1063,,
1922-07-01,,,,,,5.1063,,
1922-08-01,,,,,,4.9982,,
1922-09-01,,,,,,5.2684,,
1922-10-01,,,,,,5.5656,,
1922-11-01,,,,,,5.8088,,
1922-12-01,,,,,,5.9709,,
1923-01-01,,,,,,5.8358,,
1923-02-01,,,,,,5.9168,,
1923-03-01,,,,,,6.106,,
1923-04-01,,,,,,6.241,,
1923-05-01,,,,,,6.3221,,
1923-06-01,,,,,,6.2681,,
1923-07-01,,,,,,6.214,,
1923-08-01,,,,,,6.106,,
1923-09-01,,,,,,5.9709,,
1923-10-01,,,,,,5.9438,,
1923-11-01,,,,,,5.9438,,
1923-12-01,,,,,,5.8088,,
1924-01-01,,,,,,5.9438,,
1924-02-01,,,,,,6.0519,,
1924-03-01,,,,,,5.9438,,
1924-04-01,,,,,,5.7547,,
1924-05-01,,,,,,5.5116,,
1924-06-01,,,,,,5.2684,,
1924-07-01,,,,,,5.1874,,
1924-08-01,,,,,,5.3765,,
1924-09-01,,,,,,5.5656,,
1924-10-01,,,,,,5.7007,,
1924-11-01,,,,,,5.8088,,
1924-12-01,,,,,,5.9709,,
1925-01-01,,,,,,6.16,,
1925-02-01,,,,,,6.16,,
1925-03-01,,,,,,6.16,,
1925-04-01,,,,,,6.214,,
1925-05-01,,,,,,6.187,,
1925-06-01,,,,,,6.133,,
1925-07-01,,,,,,6.2951,,
1925-08-01,,,,,,6.187,,
1925-09-01,,,,,,6.106,,
1925-10-01,,,,,,6.3491,,
1925-11-01,,,,,,6.4842,,
1925-12-01,,,,,,6.5652,,
1926-01-01,,,,,,6.4572,,
1926-02-01,,,,,,6.4572,,
1926-03-01,,,,,,6.5382,,
1926-04-01,,,,,,6.5382,,
1926-05-01,,,,,,6.4842,,
1926-06-01,,,,,,6.5652,,
1926-07-01,,,,,,6.5923,,
1926-08-01,,,,,,6.6733,,
1926-09-01,,,,,,6.7814,,
1926-10-01,,,,,,6.7814,,
1926-11-01,,,,,,6.7544,,
1926-12-01,,,,,,6.7274,,
1927-01-01,,,,,,6.7003,,
1927-02-01,,,,,,6.7544,,
1927-03-01,,,,,,6.8354,,
1927-04-01,,,,,,6.6733,,
1927-05-01,,,,,,6.7274,,
1927-06-01,,,,,,6.7003,,
1927-07-01,,,,,,6.6193,,
1927-08-01,,,,,,6.6193,,
1927-09-01,,,,,,6.5112,,
1927-10-01,,,,,,6.3761,,
1927-11-01,,,,,,6.3761,,
1927-12-01,,,,,,6.4031,,
1928-01-01,,,,,,6.5382,,
1928-02-01,,,,,,6.5923,,
1928-03-01,,,,,,6.6463,,
1928-04-01,,,,,,6.6193,,
1928-05-01,,,,,,6.7003,,
1928-06-01,,,,,,6.7544,,
1928-07-01,,,,,,6.8354,,
1928-08-01,,,,,,6.9705,,
1928-09-01,,,,,,7.0245,,
1928-10-01,,,,,,7.1596,,
1928-11-01,,,,,,7.2947,,
1928-12-01,,,,,,7.4298,,
1929-01-01,,,,,,7.5379,,
1929-02-01,,,,,,7.5109,,
1929-03-01,,,,,,7.5379,,
1929-04-01,,,,,,7.673,,
1929-05-01,,,,,,7.8081,,
1929-06-01,,,,,,7.8621,,
1929-07-01,,,,,,7.9702,,
1929-08-01,,,,,,7.8891,,
1929-09-01,,,,,,7.8351,,
1929-10-01,,,,,,7.7,,
1929-11-01,,,,,,7.3217,,
1929-12-01,,,,,,6.9975,,
1930-01-01,,,,,,6.9975,,
1930-02-01,,,,,,6.9705,,
1930-03-01,,,,,,6.8624,,
1930-04-01,,,,,,6.8084,,
1930-05-01,,,,,,6.7003,,
1930-06-01,,,,,,6.5112,,
1930-07-01,,,,,,6.214,,
1930-08-01,,,,,,6.0789,,
1930-09-01,,,,,,5.9709,,
1930-10-01,,,,,,5.8088,,
1930-11-01,,,,,,5.6737,,
1930-12-01,,,,,,5.5386,,
1931-01-01,,,,,,5.5116,,
1931-02-01,,,,,,5.5386,,
1931-03-01,,,,,,5.6467,,
1931-04-01,,,,,,5.6737,,
1931-05-01,,,,,,5.5926,,
1931-06-01,,,,,,5.4575,,
1931-07-01,,,,,,5.3765,,
1931-08-01,,,,,,5.1874,,
1931-09-01,,,,,,4.9442,,
1931-10-01,,,,,,4.7551,,
1931-11-01,,,,,,4.701,,
1931-12-01,,,,,,4.674,,
1932-01-01,,,,,,4.5389,,
1932-02-01,,,,,,4.4309,,
1932-03-01,,,,,,4.3768,,
1932-04-01,,,,,,4.0796,,
1932-05-01,,,,,,3.9446,,
1932-06-01,,,,,,3.8095,,
1932-07-01,,,,,,3.7014,,
1932-08-01,,,,,,3.8095,,
1932-09-01,,,,,,4.0526,,
1932-10-01,,,,,,4.1877,,
1932-11-01,,,,,,4.1877,,
1932-12-01,,,,,,4.1067,,
1933-01-01,,,,,,4.0256,,
1933-02-01,,,,,,4.0526,,
1933-03-01,,,,,,3.8095,,
1933-04-01,,,,,,4.0796,,
1933-05-01,,,,,,4.7551,,
1933-06-01,,,,,,5.4846,,
1933-07-01,,,,,,5.9979,,
1933-08-01,,,,,,5.7547,,
1933-09-01,,,,,,5.4305,,
1933-10-01,,,,,,5.1603,,
1933-11-01,,,,,,4.8631,,
1933-12-01,,,,,,4.8902,,
1934-01-01,,,,,,5.0523,,
1934-02-01,,,,,,5.2954,,
1934-03-01,,,,,,5.5386,,
1934-04-01,,,,,,5.5386,,
1934-05-01,,,,,,5.6467,,
1934-06-01,,,,,,5.5386,,
1934-07-01,,,,,,5.1603,,
1934-08-01,,,,,,5.1063,,
1934-09-01,,,,,,4.8091,,
1934-10-01,,,,,,5.0253,,
1934-11-01,,,,,,5.0793,,
1934-12-01,,,,,,5.4035,,
1935-01-01,,,,,,5.8358,,
1935-02-01,,,,,,5.9438,,
1935-03-01,,,,,,5.9168,,
1935-04-01,,,,,,5.8088,,
1935-05-01,,,,,,5.8088,,
1935-06-01,,,,,,5.8898,,
1935-07-01,,,,,,5.8898,,
1935-08-01,,,,,,6.1059,,
1935-09-01,,,,,,6.2681,,
1935-10-01,,,,,,6.4572,,
1935-11-01,,,,,,6.5923,,
1935-12-01,,,,,,6.6733,,
1936-01-01,,,,,,6.5652,,
1936-02-01,,,,,,6.4031,,
1936-03-01,,,,,,6.4842,,
1936-04-01,,,,,,6.8895,,
1936-05-01,,,,,,7.0245,,
1936-06-01,,,,,,7.1596,,
1936-07-01,,,,,,7.2947,,
1936-08-01,,,,,,7.4028,,
1936-09-01,,,,,,7.5379,,
1936-10-01,,,,,,7.6459,,
1936-11-01,,,,,,7.8621,,
1936-12-01,,,,,,8.1052,,
1937-01-01,,,,,,8.0782,,
1937-02-01,,,,,,8.1863,,
1937-03-01,,,,,,8.3754,,
1937-04-01,,,,,,8.3754,,
1937-05-01,,,,,,8.4024,,
1937-06-01,,,,,,8.2944,,
1937-07-01,,,,,,8.3484,,
1937-08-01,,,,,,8.2944,,
1937-09-01,,,,,,8.0242,,
1937-10-01,,,,,,7.4298,,
1937-11-01,,,,,,6.7003,,
1937-12-01,,,,,,6.1059,,
1938-01-01,,,,,,5.9709,,
1938-02-01,,,,,,5.9168,,
1938-03-01,,,,,,5.9168,,
1938-04-01,,,,,,5.8088,,
1938-05-01,,,,,,5.6737,,
1938-06-01,,,,,,5.7277,,
1938-07-01,,,,,,6.0519,,
1938-08-01,,,,,,6.3761,,
1938-09-01,,,,,,6.5652,,
1938-10-01,,,,,,6.7274,,
1938-11-01,,,,,,6.9975,,
1938-12-01,,,,,,7.0786,,
1939-01-01,,,,,,7.0786,,
1939-02-01,,,,,,7.1326,,
1939-03-01,,,,,,7.1596,,
1939-04-01,,,,,,7.1326,,
1939-05-01,,,,,,7.1056,,
1939-06-01,,,,,,7.2677,,
1939-07-01,,,,,,7.4838,,
1939-08-01,,,,,,7.5919,,
1939-09-01,,,,,,8.0512,,
1939-10-01,,,,,,8.4565,,
1939-11-01,,,,,,8.6726,,
1939-12-01,,,,,,8.6726,,
1940-01-01,,,,,,8.5645,,
1940-02-01,,,,,,8.2944,,
1940-03-01,,,,,,8.1052,,
1940-04-01,,,,,,8.2673,,
1940-05-01,,,,,,8.5105,,
1940-06-01,,,,,,8.7807,,
1940-07-01,,,,,,8.8888,,
1940-08-01,,,,,,8.9428,,
1940-09-01,,,,,,9.1319,,
1940-10-01,,,,,,9.267,,
1940-11-01,,,,,,9.4831,,
1940-12-01,,,,,,9.8073,,
1941-01-01,,,,,,10.0505,,
1941-02-01,,,,,,10.3477,,
1941-03-01,,,,,,10.6719,,
1941-04-01,,,,,,10.6989,,
1941-05-01,,,,,,11.1852,,
1941-06-01,,,,,,11.2663,,
1941-07-01,,,,,,11.4014,,
1941-08-01,,,,,,11.5365,,
1941-09-01,,,,,,11.5365,,
1941-10-01,,,,,,11.6445,,
1941-11-01,,,,,,11.6986,,
1941-12-01,,,,,,11.8877,,
1942-01-01,,,,,,12.1309,,
1942-02-01,,,,,,12.347,,
1942-03-01,,,,,,12.4821,,
1942-04-01,,,,,,12.1308,,
1942-05-01,,,,,,12.1579,,
1942-06-01,,,,,,12.1849,,
1942-07-01,,,,,,12.4821,,
1942-08-01,,,,,,12.8603,,
1942-09-01,,,,,,13.1575,,
1942-10-01,,,,,,13.5898,,
1942-11-01,,,,,,13.914,,
1942-12-01,,,,,,14.2382,,
1943-01-01,,,,,,14.3733,,
1943-02-01,,,,,,14.7515,,
1943-03-01,,,,,,14.8596,,
1943-04-01,,,,,,15.0487,,
1943-05-01,,,,,,15.1568,,
1943-06-01,,,,,,15.0758,,
1943-07-01,,,,,,15.535,,
1943-08-01,,,,,,15.8592,,
1943-09-01,,,,,,16.2645,,
1943-10-01,,,,,,16.5077,,
1943-11-01,,,,,,16.7238,,
1943-12-01,,,,,,16.5077,,
1944-01-01,,,,,,16.6968,,
1944-02-01,,,,,,16.8319,,
1944-03-01,,,,,,16.8049,,
1944-04-01,,,,,,16.8049,,
1944-05-01,,,,,,16.6968,,
1944-06-01,,,,,,16.6428,,
1944-07-01,,,,,,16.6158,,
1944-08-01,,,,,,16.8319,,
1944-09-01,,,,,,16.7238,,
1944-10-01,,,,,,16.7779,,
1944-11-01,,,,,,16.6428,,
1944-12-01,,,,,,16.5887,,
1945-01-01,,,,,,16.4266,,
1945-02-01,,,,,,16.3726,,
1945-03-01,,,,,,16.2645,,
1945-04-01,,,,,,15.9673,,
1945-05-01,,,,,,15.5351,,
1945-06-01,,,,,,15.1838,,
1945-07-01,,,,,,14.8326,,
1945-08-01,,,,,,13.2926,,
1945-09-01,,,,,,12.1038,,
1945-10-01,,,,,,11.6175,,
1945-11-01,,,,,,12.0498,,
1945-12-01,,,,,,12.1038,,
1946-01-01,,,,,,11.4284,,
1946-02-01,,,,,,10.861,,
1946-03-01,,,,,,11.9958,,
1946-04-01,,,,,,11.7796,,
1946-05-01,,,,,,11.3473,,
1946-06-01,,,,,,12.0498,,
1946-07-01,,,,,,12.4551,,
1946-08-01,,,,,,12.9144,,
1946-09-01,,,,,,13.1575,,
1946-10-01,,,,,,13.4007,,
1946-11-01,,,,,,13.4817,,
1946-12-01,,,,,,13.5628,,
1947-01-01,,,,,,13.7249,,
1947-02-01,,,,,,13.8059,,
1947-03-01,,,,,,13.887,,
1947-04-01,,,,,,13.7789,,
1947-05-01,,,,,,13.8329,,
1947-06-01,,,,,,13.833,,
1947-07-01,,,,,,13.7519,,
1947-08-01,,,,,,13.833,,
1947-09-01,,,,,,13.941,,
1947-10-01,,,,,,14.0761,,
1947-11-01,,,,,,14.2652,,
1947-12-01,,,,,,14.3193,,
1948-01-01,,,,,,14.4003,,
1948-02-01,,,,,,14.4274,,
1948-03-01,,,,,,14.2652,,
1948-04-01,,,,,,14.2922,,
1948-05-01,,,,,,14.5354,,
1948-06-01,,,,,,14.7245,,
1948-07-01,,,,,,14.7245,,
1948-08-01,,,,,,14.6705,,
1948-09-01,,,,,,14.5624,,
1948-10-01,,,,,,14.6705,,
1948-11-01,,,,,,14.4814,,
1948-12-01,,,,,,14.3463,,
1949-01-01,,,,,,14.2112,,
1949-02-01,,,,,,14.0761,,
1949-03-01,,,,,,13.8059,,
1949-04-01,,,,,,13.7249,,
1949-05-01,,,,,,13.5358,,
1949-06-01,,,,,,13.5087,,
1949-07-01,,,,,,13.4817,,
1949-08-01,,,,,,13.6168,,
1949-09-01,,,,,,13.7519,,
1949-10-01,,,,,,13.2386,,
1949-11-01,,,,,,13.5898,,
1949-12-01,,,,,,13.833,,
1950-01-01,,,,,,14.0761,,
1950-02-01,,,,,,14.1302,,
1950-03-01,,,,,,14.5894,,
1950-04-01,,,,,,15.0757,,
1950-05-01,,,,,,15.427,,
1950-06-01,,,,,,15.8863,,
1950-07-01,,,,,,16.3996,,
1950-08-01,,,,,,16.9129,,
1950-09-01,,,,,,16.8049,,
1950-10-01,,,,,,16.9129,,
1950-11-01,,,,,,16.8859,,
1950-12-01,,,,,,17.1831,,
1951-01-01,,,,,,17.2371,,
1951-02-01,,,,,,17.3452,,
1951-03-01,,,,,,17.4263,,
1951-04-01,,,,,,17.4533,,
1951-05-01,,,,,,17.3993,,
1951-06-01,,,,,,17.3182,,
1951-07-01,,,,,,17.048,,
1951-08-01,,,,,,16.8859,,
1951-09-01,,,,,,16.994,,
1951-10-01,,,,,,16.967,,
1951-11-01,,,,,,17.1021,,
1951-12-01,,,,,,17.2101,,
1952-01-01,,,,,,17.3993,,
1952-02-01,,,,,,17.5073,,
1952-03-01,,,,,,17.5614,,
1952-04-01,,,,,,17.3993,,
1952-05-01,,,,,,17.2372,,
1952-06-01,,,,,,17.075,,
1952-07-01,,,,,,16.8049,,
1952-08-01,,,,,,17.8856,,
1952-09-01,,,,,,18.534,,
1952-10-01,,,,,,18.7231,,
1952-11-01,,,,,,19.1014,,
1952-12-01,,,,,,19.2094,,
1953-01-01,,,,,,19.2635,,
1953-02-01,,,,,,19.3715,,
1953-03-01,,,,,,19.5337,,
1953-04-01,,,,,,19.6147,,
1953-05-01,,,,,,19.7228,,
1953-06-01,,,,,,19.6417,,
1953-07-01,,,,,,19.8849,,
1953-08-01,,,,,,19.7768,,
1953-09-01,,,,,,19.3715,,
1953-10-01,,,,,,19.2094,,
1953-11-01,,,,,,18.7501,,
1953-12-01,,,,,,18.2908,,
1954-01-01,,,,,,18.1557,,
1954-02-01,,,,,,18.2098,,
1954-03-01,,,,,,18.1017,,
1954-04-01,,,,,,17.9936,,
1954-05-01,,,,,,18.1017,,
1954-06-01,,,,,,18.1558,,
1954-07-01,,,,,,18.1828,,
1954-08-01,,,,,,18.1557,,
1954-09-01,,,,,,18.1828,,
1954-10-01,,,,,,18.3989,,
1954-11-01,,,,,,18.6961,,
1954-12-01,,,,,,18.9392,,
1955-01-01,,,,,,19.3715,,
1955-02-01,,,,,,19.6147,,
1955-03-01,,,,,,20.074,,
1955-04-01,,,,,,20.3172,,
1955-05-01,,,,,,20.6413,,
1955-06-01,,,,,,20.6684,,
1955-07-01,,,,,,20.8305,,
1955-08-01,,,,,,20.8035,,
1955-09-01,,,,,,20.9386,,
1955-10-01,,,,,,21.2898,,
1955-11-01,,,,,,21.3438,,
1955-12-01,,,,,,21.4249,,
1956-01-01,,,,,,21.56,,
1956-02-01,,,,,,21.3708,,
1956-03-01,,,,,,21.3708,,
1956-04-01,,,,,,21.5329,,
1956-05-01,,,,,,21.3438,,
1956-06-01,,,,,,21.1547,,
1956-07-01,,,,,,20.5063,,
1956-08-01,,,,,,21.3438,,
1956-09-01,,,,,,21.8301,,
1956-10-01,,,,,,22.0192,,
1956-11-01,,,,,,21.8301,,
1956-12-01,,,,,,22.1543,,
1957-01-01,21.3,,,,,22.0733,,
1957-02-01,21.4,,,,,22.2894,,
1957-03-01,21.5,,,,,22.2624,,
1957-04-01,21.6,,,,,21.9652,,
1957-05-01,21.6,,,,,21.8842,,
1957-06-01,21.6,,,,,21.9382,,
1957-07-01,21.5,,,,,22.0733,,
1957-08-01,21.4,,,,,22.0733,,
1957-09-01,21.4,,,,,21.8842,,
1957-10-01,21.4,,,,,21.5599,,
1957-11-01,21.5,,,,,21.0466,,
1957-12-01,21.5,,,,,20.6414,,
1958-01-01,21.6,,,,,20.2631,,
1958-02-01,21.3,,,,,19.8308,,
1958-03-01,21.4,,,,,19.5877,,
1958-04-01,21.4,,,,,19.2635,,
1958-05-01,21.5,,,,,19.4526,,
1958-06-01,21.5,,,,,19.9659,,
1958-07-01,21.6,,,,,20.2631,,
1958-08-01,21.7,,,,,20.6684,,
1958-09-01,21.7,,,,,20.8575,,
1958-10-01,21.7,,,,,21.1007,,
1958-11-01,21.4,,,,,21.7221,,
1958-12-01,21.4,,,,,21.7491,,
1959-01-01,21.4,,,,,22.0733,,
1959-02-01,21.6,,,,,22.5056,,
1959-03-01,21.7,,,,,22.8298,,
1959-04-01,21.8,,,,,23.3161,,
1959-05-01,21.8,,,,,23.6673,,
1959-06-01,21.9,,,,,23.6944,,
1959-07-01,21.8,,,,,23.127,,
1959-08-01,21.9,,,,,22.3435,,
1959-09-01,21.9,,,,,22.3165,,
1959-10-01,22.2,,,,,22.1544,,
1959-11-01,22.2,,,,,22.2894,,
1959-12-01,22.3,,,,,23.6673,,
1960-01-01,22.3,,,,,24.2887,,
1960-02-01,22.2,,,,,24.0726,,
1960-03-01,22.3,,,,,23.8565,,
1960-04-01,22.4,,,,,23.6673,,
1960-05-01,22.3,,,,,23.6403,,
1960-06-01,22.4,,,,,23.3431,,
1960-07-01,22.5,,,,,23.2621,,
1960-08-01,22.5,,,,,23.235,,
1960-09-01,22.6,,,,,22.9919,,
1960-10-01,22.5,,,,,22.9649,,
1960-11-01,22.7,,,,,22.6407,,
1960-12-01,22.6,,,,,22.2084,,
1961-01-01,22.7,,,,,22.2354,,
1961-02-01,22.6,,,,,22.2084,,
1961-03-01,22.6,,,,,22.3435,,
1961-04-01,22.2,,,,,22.8028,,
1961-05-01,22.4,,,,,23.154,,
1961-06-01,22.5,,,,,23.4782,,
1961-07-01,22.5,,,,,23.7484,,
1961-08-01,22.5,,,,,23.9645,,
1961-09-01,22.6,,,,,23.9375,,
1961-10-01,22.4,,,,,24.3968,,
1961-11-01,22.5,,,,,24.775,,
1961-12-01,22.4,,,,,24.9912,,
1962-01-01,22.4,,,,,24.775,,
1962-02-01,22.6,,,,,25.1803,,
1962-03-01,22.4,,,,,25.3154,,
1962-04-01,22.7,,,,,25.3694,,
1962-05-01,22.7,,,,,25.3424,,
1962-06-01,22.5,,,,,25.2884,,
1962-07-01,22.3,,,,,25.5315,,
1962-08-01,22.4,,,,,25.5585,,
1962-09-01,22.8,,,,,25.7206,,
1962-10-01,22.7,,,,,25.7477,,
1962-11-01,22.7,,,,,25.8557,,
1962-12-01,22.8,,,,,25.8557,,
1963-01-01,22.8,,,,,26.0448,,
1963-02-01,22.7,,,,,26.3421,,
1963-03-01,22.7,,,,,26.5042,,
1963-04-01,22.6,,,,,26.7473,,
1963-05-01,22.6,,,,,27.0715,,
1963-06-01,22.5,,,,,27.1526,,
1963-07-01,22.7,,,,,27.0445,,
1963-08-01,22.6,,,,,27.0985,,
1963-09-01,22.5,,,,,27.3687,,
1963-10-01,22.7,,,,,27.5578,,
1963-11-01,22.6,,,,,27.6929,,
1963-12-01,22.6,,,,,27.6389,,
1964-01-01,22.8,,,,,27.882,,
1964-02-01,22.2,,,,,28.0712,,
1964-03-01,22.6,,,,,28.0712,,
1964-04-01,22.5,,,,,28.5305,,
1964-05-01,22.5,,,,,28.6926,,
1964-06-01,22.6,,,,,28.7736,,
1964-07-01,22.5,,,,,28.9627,,
1964-08-01,22.6,,,,,29.1519,,
1964-09-01,22.5,,,,,29.2599,,
1964-10-01,22.5,,,,,28.8547,,
1964-11-01,22.5,,,,,29.7463,,
1964-12-01,22.6,,,,,30.0975,,
1965-01-01,22.8,,,,,30.4217,,
1965-02-01,22.7,,,,,30.6108,,
1965-03-01,22.6,,,,,31.0161,,
1965-04-01,22.9,,,,,31.1512,,
1965-05-01,23.0,,,,,31.3943,,
1965-06-01,23.1,,,,,31.6375,,
1965-07-01,23.0,,,,,31.9347,,
1965-08-01,23.0,,,,,32.0698,,
1965-09-01,23.1,,,,,32.1508,,
1965-10-01,23.0,,,,,32.475,,
1965-11-01,23.1,,,,,32.6101,,
1965-12-01,23.1,,,,,33.0154,,
1966-01-01,23.1,,,,,33.3396,,
1966-02-01,23.2,,,,,33.5557,,
1966-03-01,23.2,,,,,34.015,,
1966-04-01,23.2,,,,,34.0691,,
1966-05-01,23.2,,,,,34.3933,,
1966-06-01,23.3,,,,,34.5553,,
1966-07-01,23.4,,,,,34.7445,,
1966-08-01,23.3,,,,,34.7715,,
1966-09-01,23.4,,,,,35.0957,,
1966-10-01,23.4,,,,,35.3389,,
1966-11-01,23.5,,,,,35.0957,,
1966-12-01,23.5,,,,,35.1768,,
1967-01-01,23.6,,,,,35.3427,,
1967-02-01,23.7,,,,,34.9419,,
1967-03-01,23.6,,,,,34.7449,,
1967-04-01,23.9,,,,,35.0726,,
1967-05-01,23.9,,,,,34.7666,,
1967-06-01,23.8,,,,,34.7623,,
1967-07-01,23.8,,,,,34.6831,,
1967-08-01,23.9,,,,,35.3476,,
1967-09-01,24.0,,,,,35.2902,,
1967-10-01,23.9,,,,,35.5776,,
1967-11-01,24.0,,,,,36.0864,,
1967-12-01,23.9,,,,,36.4751,,
1968-01-01,24.0,,,,,36.4358,,
1968-02-01,24.1,,,,,36.5664,,
1968-03-01,24.1,,,,,36.6805,,
1968-04-01,24.0,,,,,36.7336,,
1968-05-01,24.1,,,,,37.1457,,
1968-06-01,24.2,,,,,37.2821,,
1968-07-01,24.2,,,,,37.2249,,
1968-08-01,24.3,,,,,37.3288,,
1968-09-01,24.3,,,,,37.4702,,
1968-10-01,24.3,,,,,37.5446,,
1968-11-01,24.4,,,,,38.0302,,
1968-12-01,24.3,,,,,38.1503,,
1969-01-01,24.4,,,,,38.3811,,
1969-02-01,24.4,,,,,38.6268,,
1969-03-01,24.7,,,,,38.9297,,
1969-04-01,24.9,,,,,38.7864,,
1969-05-01,24.8,,,,,38.6398,,
1969-06-01,25.0,,,,,39.0173,,
1969-07-01,24.9,,,,,39.2233,,
1969-08-01,24.9,,,,,39.3134,,
1969-09-01,25.0,,,,,39.3046,,
1969-10-01,25.0,,,,,39.3161,,
1969-11-01,25.0,,,,,38.9455,,
1969-12-01,25.1,,,,,38.841,,
1970-01-01,25.1,,,,,38.1217,,
1970-02-01,25.1,,,,,38.0966,,
1970-03-01,25.0,,,,,38.0472,,
1970-04-01,25.5,,,,,37.9493,,
1970-05-01,25.4,,,,,37.9051,,
1970-06-01,25.3,,,,,37.7825,,
1970-07-01,25.5,,,,,37.8753,,
1970-08-01,25.4,,,,,37.8077,,
1970-09-01,25.6,,,,,37.5471,,
1970-10-01,25.9,,,,,36.796,,
1970-11-01,26.0,,,,,36.5732,,
1970-12-01,26.2,,,,,37.4131,,
1971-01-01,26.3,,,,,37.7008,,
1971-02-01,26.2,,,,,37.629,,
1971-03-01,26.2,,,,,37.5883,,
1971-04-01,26.1,,,,,37.7993,,
1971-05-01,26.2,,,,,37.9911,,
1971-06-01,26.3,,,,,38.1505,,
1971-07-01,26.3,,,,,38.0397,,
1971-08-01,26.8,,,,,37.819,,
1971-09-01,26.9,,,,,38.4336,,
1971-10-01,27.0,,,,,38.7213,,
1971-11-01,26.9,,,,,38.8856,,
1971-12-01,27.0,,,,,39.3345,,
1972-01-01,27.0,85.6192,92.1511,78.899,141.5122,40.2751,101.6812,
1972-02-01,26.8,85.392,92.6041,79.0765,145.166,40.6932,99.7224,
1972-03-01,26.9,85.1712,93.9316,80.0027,147.2945,40.9766,98.3908,
1972-04-01,26.9,84.9592,95.114,80.8081,148.2239,41.3843,97.7534,
1972-05-01,27.0,84.7495,95.1258,80.6186,149.7792,41.39,97.7241,
1972-06-01,27.0,84.5431,94.9669,80.288,148.3578,41.4898,99.3046,
1972-07-01,27.1,84.3429,94.8441,79.9943,147.9583,41.4485,100.6484,
1972-08-01,27.3,84.1513,95.4356,80.3103,147.7679,42.0158,101.4632,
1972-09-01,27.6,83.9688,96.3318,80.8886,148.14,42.3429,102.0047,
1972-10-01,27.7,83.7956,95.5996,80.1083,147.7513,42.8745,102.6907,
1972-11-01,27.9,83.6315,95.6252,79.9728,146.8872,43.3834,103.2544,
1972-12-01,27.8,83.4767,95.4414,79.6713,145.4847,43.8725,104.7785,
1973-01-01,27.9,83.3306,94.8102,79.0059,142.9637,44.1952,105.8602,
1973-02-01,28.2,83.1914,95.8023,79.6993,146.3459,44.8299,96.3058,
1973-03-01,28.3,83.0581,94.6545,78.6182,144.5641,44.8444,94.5587,
1973-04-01,28.6,82.9297,94.8867,78.6893,144.8406,44.7876,85.1989,
1973-05-01,28.8,82.8027,95.3083,78.9179,144.363,45.0922,82.1071,
1973-06-01,29.2,82.6746,95.3825,78.8571,143.5764,45.1372,86.9913,
1973-07-01,29.2,82.5446,95.5492,78.8707,143.6585,45.3163,91.718,
1973-08-01,29.4,82.4098,95.6952,78.8622,142.9298,45.2482,94.3866,
1973-09-01,29.4,82.2675,95.0934,78.231,141.3673,45.6148,96.3701,
1973-10-01,30.3,82.1159,95.5763,78.4833,143.7918,45.9627,99.268,
1973-11-01,31.5,81.9535,95.5964,78.3446,142.8316,46.1781,101.9377,
1973-12-01,32.5,81.781,95.0419,77.7262,141.3275,46.0553,103.3111,
1974-01-01,34.1,81.5982,94.9469,77.475,139.319,45.7415,103.5528,
1974-02-01,35.4,81.4034,94.9301,77.2763,142.5215,45.6029,104.6312,
1974-03-01,36.9,81.1983,94.4771,76.7138,139.8507,45.6093,107.7761,
1974-04-01,37.6,80.9852,94.2089,76.2953,139.6675,45.4865,112.4517,
1974-05-01,38.3,80.7644,94.4324,76.2677,138.9709,45.8299,108.3898,
1974-06-01,38.6,80.5371,93.3743,75.2009,136.9669,45.7552,106.2991,
1974-07-01,38.9,80.3074,93.8259,75.3491,136.9465,45.828,109.7878,
1974-08-01,39.2,80.0767,93.3865,74.7808,135.6707,45.3423,110.1848,
1974-09-01,39.3,79.8468,92.9206,74.1941,133.6489,45.3551,108.8704,
1974-10-01,39.2,79.6193,92.5652,73.6998,134.3542,45.2077,111.2826,
1974-11-01,39.4,79.3955,92.3602,73.3298,133.7023,43.7312,117.5161,
1974-12-01,39.6,79.1773,92.1744,72.9812,133.0571,42.1667,121.5605,
1975-01-01,40.0,78.9655,92.2511,72.8466,131.936,41.588,114.2978,
1975-02-01,40.3,78.76,92.1153,72.55,134.0046,40.6296,113.6342,
1975-03-01,40.6,78.5611,91.6453,71.9975,132.5421,40.1811,121.0858,
1975-04-01,41.0,78.3695,91.9907,72.0926,131.9602,40.26,119.6518,
1975-05-01,41.3,78.1826,91.0951,71.2205,130.7461,40.1391,119.4333,
1975-06-01,41.7,77.9991,91.8666,71.6551,131.3609,40.3939,122.8106,
1975-07-01,42.5,77.8204,91.2591,71.0183,130.0494,40.791,124.9911,
1975-08-01,42.8,77.6449,91.2551,70.8549,128.7176,41.2089,128.3175,
1975-09-01,43.2,77.4716,91.2085,70.6607,129.1909,41.7455,130.3703,
1975-10-01,43.5,77.3007,91.3601,70.622,129.8801,41.9223,130.238,
1975-11-01,43.9,77.1339,91.1557,70.312,129.1646,41.9745,132.2679,
1975-12-01,44.1,76.9731,91.7363,70.6123,128.7952,42.5521,135.0514,
1976-01-01,44.5,76.8201,92.5201,71.074,128.4528,43.1271,137.3056,
1976-02-01,44.4,76.6739,91.1206,69.8658,128.4386,43.5561,136.0737,
1976-03-01,44.1,76.5384,91.5694,70.0857,128.4488,43.6464,138.7618,
1976-04-01,43.9,76.4177,90.833,69.4125,126.0669,43.8709,131.5787,
1976-05-01,44.1,76.3148,91.233,69.6243,126.7924,44.055,130.0338,
1976-06-01,44.4,76.2326,91.6009,69.8298,126.3035,44.0988,130.763,
1976-07-01,44.8,76.1747,91.7299,69.875,126.8065,44.3519,140.9446,
1976-08-01,45.2,76.1438,91.4895,69.6635,126.5294,44.6538,140.9646,
1976-09-01,45.7,76.1393,91.5457,69.7022,127.1192,44.7817,141.016,
1976-10-01,46.1,76.162,90.8743,69.2117,125.7889,44.783,143.8075,
1976-11-01,46.8,76.2113,91.3002,69.5811,125.9989,45.4764,151.6213,
1976-12-01,47.5,76.2856,91.432,69.7495,125.6837,45.9469,157.6521,
1977-01-01,48.1,76.385,90.1586,68.8676,122.4761,45.6487,158.1806,
1977-02-01,48.1,76.5085,91.9811,70.3733,126.8799,46.3805,172.4548,
1977-03-01,48.4,76.6565,91.4766,70.1228,126.108,46.9566,171.3039,
1977-04-01,48.6,76.8273,91.326,70.1632,126.9505,47.4185,171.3996,
1977-05-01,48.9,77.0165,90.7209,69.8701,125.8571,47.7834,178.5253,
1977-06-01,48.9,77.2198,90.8465,70.1515,126.216,48.1403,179.1941,
1977-07-01,49.1,77.4298,90.3821,69.9827,126.2112,48.1927,181.8869,
1977-08-01,49.5,77.6394,91.097,70.7272,129.2137,48.2499,187.2169,
1977-09-01,49.8,77.8434,92.1615,71.7417,131.7786,48.4515,187.7573,
1977-10-01,50.5,78.0363,91.8194,71.6525,133.2249,48.5177,181.908,
1977-11-01,51.3,78.2138,91.3133,71.4196,133.297,48.6111,181.515,
1977-12-01,51.6,78.3698,91.2207,71.4895,131.8702,48.6743,182.2553,
1978-01-01,51.1,78.4988,90.5329,71.0672,129.8546,47.9744,184.757,
1978-02-01,50.6,78.5945,90.2274,70.9138,130.1248,48.2322,191.3751,
1978-03-01,51.0,78.6525,92.1538,72.4812,135.236,49.1693,191.4125,
1978-04-01,51.4,78.6704,93.21,73.3286,136.6088,50.1546,194.3283,
1978-05-01,51.7,78.6544,92.2876,72.5883,136.7192,50.3971,196.2512,
1978-06-01,51.9,78.6093,93.2346,73.2911,136.7934,50.7005,198.0266,
1978-07-01,52.1,78.5413,93.2919,73.2726,135.5938,50.6512,199.3045,
1978-08-01,52.6,78.4598,92.8314,72.8354,135.5861,50.8676,208.9898,
1978-09-01,53.2,78.3711,92.8098,72.7361,136.2447,51.0077,206.3594,
1978-10-01,54.1,78.2797,92.6791,72.549,136.52,51.3902,204.1073,
1978-11-01,54.9,78.1878,91.9981,71.9313,135.2651,51.781,201.9125,
1978-12-01,55.9,78.0987,91.8803,71.7573,134.0335,52.0449,200.4089,
1979-01-01,55.8,78.0147,91.8396,71.6484,131.0791,51.7484,211.3617,
1979-02-01,55.9,77.9385,92.0652,71.7542,131.9905,52.0053,206.7535,
1979-03-01,57.4,77.8709,92.2524,71.8378,133.0715,52.1613,201.9166,
1979-04-01,59.5,77.8123,92.8757,72.2687,132.3053,51.5654,204.1599,
1979-05-01,62.0,77.7596,93.0672,72.3687,133.0506,52.0022,198.3584,
1979-06-01,64.7,77.7104,92.3429,71.76,130.5093,52.008,204.6035,
1979-07-01,67.3,77.6624,91.6988,71.2155,129.2416,51.9231,207.4631,
1979-08-01,69.7,77.6117,93.3553,72.4547,132.0786,51.5966,213.1654,
1979-09-01,71.9,77.5563,93.3834,72.4247,131.6927,51.5842,220.2699,
1979-10-01,73.5,77.4943,94.0256,72.8645,133.1563,51.9405,220.2303,
1979-11-01,74.8,77.4253,95.5132,73.9514,135.1419,51.8626,218.3008,
1979-12-01,76.8,77.3489,94.5503,73.1336,132.9801,51.9025,228.2471,
1980-01-01,79.1,77.2646,95.1761,73.5375,133.7821,52.1712,231.7723,
1980-02-01,81.9,77.1724,94.4551,72.8933,134.2252,52.1976,230.2956,
1980-03-01,84.5,77.073,95.1542,73.3382,134.0949,51.9834,233.8934,
1980-04-01,85.4,76.9681,94.2478,72.5407,133.8044,50.9746,236.7876,
1980-05-01,86.4,76.8603,94.1556,72.3682,133.1035,49.7086,244.9724,
1980-06-01,86.5,76.7523,93.143,71.4894,131.8164,49.0754,251.0235,
1980-07-01,86.7,76.6476,93.1948,71.4315,131.726,48.7001,254.038,
1980-08-01,87.2,76.5493,91.4213,69.9823,129.5817,48.8535,256.6469,
1980-09-01,87.5,76.4604,93.9095,71.8035,132.8186,49.6791,255.4775,
1980-10-01,88.0,76.3826,93.2223,71.2057,131.4854,50.3058,257.7208,
1980-11-01,88.8,76.3175,93.0815,71.0375,130.9197,51.1348,270.1932,
1980-12-01,90.7,76.266,94.901,72.3771,132.5945,51.4875,274.7693,
1981-01-01,92.1,76.2284,93.5919,71.3436,131.563,51.1668,274.0888,
1981-02-01,95.2,76.2056,93.0266,70.8915,132.5311,50.9509,269.9209,
1981-03-01,97.4,76.1969,93.9328,71.5739,132.6801,51.2066,285.0261,
1981-04-01,97.6,76.2015,93.8641,71.5258,131.7973,50.9711,291.8427,
1981-05-01,97.9,76.2178,93.6454,71.3744,130.9452,51.2645,289.5074,
1981-06-01,97.3,76.244,94.8651,72.329,132.8242,51.5247,290.7947,
1981-07-01,97.3,76.2784,93.9208,71.6413,130.837,51.8727,304.0237,
1981-08-01,97.8,76.3182,95.4371,72.836,132.1207,51.8156,309.4455,
1981-09-01,98.6,76.3604,93.9988,71.7779,132.4483,51.5692,314.0309,
1981-10-01,99.2,76.4029,93.5765,71.4952,131.8159,51.1851,315.6676,
1981-11-01,100.5,76.444,92.6295,70.8097,132.1067,50.5914,322.8678,
1981-12-01,101.5,76.4825,93.0322,71.1533,132.0911,50.053,333.9519,
1982-01-01,100.6,76.5179,91.9449,70.3543,130.7737,49.0358,328.4627,
1982-02-01,98.0,76.5469,93.0421,71.2209,133.7703,50.0309,311.5478,
1982-03-01,96.6,76.571,92.8995,71.1341,133.2834,49.6876,297.1986,
1982-04-01,94.2,76.5914,92.0011,70.465,132.1006,49.2266,279.2537,
1982-05-01,95.7,76.6076,91.7941,70.3212,133.4611,48.8924,269.6007,
1982-06-01,98.4,76.6201,92.003,70.4928,132.9191,48.7588,261.37,
1982-07-01,99.3,76.6298,91.9492,70.4604,133.0023,48.5887,252.1543,
1982-08-01,99.8,76.6387,91.3682,70.0234,132.6283,48.1582,243.6308,
1982-09-01,100.3,76.6473,91.3536,70.0201,133.6877,48.0164,234.7387,
1982-10-01,101.7,76.6574,90.9375,69.7103,133.6646,47.571,233.2596,
1982-11-01,102.5,76.67,91.2324,69.9478,133.669,47.4235,226.1637,
1982-12-01,102.8,76.6858,89.4228,68.5746,132.1115,47.0712,231.5896,
1983-01-01,99.6,76.7061,90.1959,69.1857,133.5437,47.9518,231.3531,
1983-02-01,97.7,76.7299,89.0404,68.3206,134.5148,47.6648,217.9492,
1983-03-01,96.8,76.7589,88.1604,67.671,133.6132,48.054,207.6941,
1983-04-01,98.9,76.7941,89.0949,68.4197,134.7478,48.6536,205.7273,
1983-05-01,100.4,76.8348,87.9343,67.5642,132.5494,48.9668,205.1465,
1983-06-01,100.6,76.8813,88.5193,68.0548,133.0862,49.251,201.7398,
1983-07-01,100.9,76.9335,88.7489,68.2777,132.5902,49.9861,186.8901,
1983-08-01,101.2,76.9912,89.1745,68.6565,133.1731,50.5862,192.3227,
1983-09-01,101.0,77.0522,89.2635,68.7795,134.7818,51.3227,190.8649,
1983-10-01,100.8,77.1156,89.6818,69.1586,134.5566,51.714,196.1336,
1983-11-01,100.5,77.1797,89.6461,69.1887,134.5799,51.9425,188.8923,
1983-12-01,100.0,77.243,87.4718,67.5658,128.7523,52.1897,230.7784,
1984-01-01,100.2,77.3038,92.2953,71.3478,136.1142,53.2371,231.4942,
1984-02-01,101.4,77.3608,90.0579,69.6695,136.0836,53.4741,214.3751,
1984-03-01,101.4,77.4123,89.2633,69.1007,133.0526,53.7313,205.7906,
1984-04-01,101.7,77.4564,91.4238,70.8136,135.9584,54.0454,206.7307,
1984-05-01,101.6,77.4917,91.8468,71.1736,137.2272,54.3263,210.5816,
1984-06-01,100.8,77.5167,91.7158,71.0951,135.6246,54.5095,215.2194,
1984-07-01,100.5,77.5295,92.2911,71.5528,136.0889,54.6658,216.7032,
1984-08-01,100.1,77.5302,92.1538,71.4471,135.076,54.7307,224.5166,
1984-09-01,100.6,77.5248,92.5518,71.7506,137.7019,54.5783,223.355,
1984-10-01,101.1,77.5162,92.0781,71.3755,136.4347,54.5549,232.0035,
1984-11-01,100.8,77.5086,91.9767,71.2898,137.5766,54.74,242.4592,
1984-12-01,100.1,77.5056,91.447,70.8766,136.2887,54.7733,250.8274,
1985-01-01,100.3,77.5106,89.427,69.3154,133.8553,54.7203,242.6098,
1985-02-01,100.3,77.5303,91.2633,70.7567,138.3512,54.91,228.9436,
1985-03-01,101.3,77.5658,90.3534,70.0833,139.3129,54.9841,215.3883,
1985-04-01,102.3,77.6204,90.1328,69.9614,138.6999,54.8853,204.0549,
1985-05-01,102.2,77.6999,90.3472,70.1997,139.9028,54.952,196.6991,
1985-06-01,102.2,77.8078,90.257,70.227,138.2752,54.9269,199.1938,
1985-07-01,102.2,77.9473,89.4899,69.755,137.1007,54.642,193.9167,
1985-08-01,101.2,78.119,89.1586,69.6498,135.1699,54.8269,196.7161,
1985-09-01,101.2,78.3108,89.8363,70.3515,137.3623,55.0447,196.6522,
1985-10-01,101.2,78.517,89.3258,70.136,137.6289,54.8418,193.6997,
1985-11-01,101.8,78.7298,88.2341,69.4665,136.6462,55.0381,189.4176,
1985-12-01,102.4,78.9417,90.6828,71.5865,138.4515,55.5958,192.2141,100.0
1986-01-01,102.6,79.1485,89.8241,71.0944,139.9433,55.8793,176.5943,99.7
1986-02-01,99.5,79.3305,88.4896,70.1992,140.5368,55.4963,157.4483,90.7
1986-03-01,92.6,79.4905,87.432,69.5001,138.1335,55.097,126.7668,84.8
1986-04-01,87.2,79.6265,85.0411,67.7153,135.7729,55.16,106.0468,78.8
1986-05-01,87.2,79.7249,85.7573,68.3699,135.6108,55.2556,89.335,77.2
1986-06-01,88.8,79.7782,84.8618,67.7012,132.4983,55.0449,72.4623,76.1
1986-07-01,85.6,79.7761,85.4163,68.1418,132.8623,55.3725,66.4513,70.4
1986-08-01,83.6,79.712,84.0346,66.9857,128.5388,55.2845,67.6656,68.5
1986-09-01,84.4,79.5912,83.4991,66.4579,127.7523,55.4459,74.964,68.8
1986-10-01,82.8,79.4212,83.8792,66.6178,129.4538,55.6766,81.0178,69.3
1986-11-01,82.1,79.2101,85.0108,67.3372,129.2067,55.8828,83.0024,69.9
1986-12-01,82.5,78.9669,84.94,67.0745,128.1503,56.4269,91.5481,69.0
1987-01-01,85.4,78.6972,86.3038,67.9187,130.3846,56.2123,88.4563,72.3
1987-02-01,87.4,78.421,85.9778,67.4247,128.8202,56.9589,77.1588,72.4
1987-03-01,87.6,78.1378,86.7157,67.7577,130.0551,57.0365,76.4833,74.6
1987-04-01,87.6,77.8507,87.5528,68.1604,130.5616,57.3995,74.0551,74.5
1987-05-01,87.1,77.5734,86.5717,67.1566,128.0786,57.7653,76.3021,74.0
1987-06-01,88.5,77.3138,87.0522,67.3033,127.2019,58.0726,83.7944,74.6
1987-07-01,89.2,77.082,87.1981,67.2141,126.7889,58.4772,95.6129,76.1
1987-08-01,90.5,76.8797,87.674,67.4035,126.1454,58.9076,107.0399,77.0
1987-09-01,90.3,76.7031,87.7311,67.2925,126.0935,59.1237,113.3475,75.9
1987-10-01,89.6,76.546,88.9074,68.0551,128.5027,59.9408,115.4893,74.0
1987-11-01,90.0,76.4027,89.2065,68.1562,128.9832,60.2323,117.8311,72.7
1987-12-01,89.5,76.2691,89.4767,68.2431,127.7645,60.5629,125.0346,73.2
1988-01-01,88.8,76.1525,88.7578,67.5913,126.7287,60.564,121.16,71.3
1988-02-01,88.7,76.0316,88.8097,67.5234,128.643,60.8632,116.1983,70.2
1988-03-01,88.4,75.9065,89.834,68.1898,128.6396,61.0006,112.5358,69.4
1988-04-01,88.8,75.7746,89.1455,67.5497,127.3261,61.3536,109.9014,71.8
1988-05-01,88.5,75.6297,89.876,67.973,126.4238,61.2454,113.6867,71.1
1988-06-01,88.9,75.4667,89.9686,67.8963,125.5259,61.4107,114.5369,69.0
1988-07-01,89.4,75.2841,89.4795,67.3638,123.5287,61.4169,116.1945,67.9
1988-08-01,90.1,75.0804,90.1681,67.6986,124.1413,61.7365,114.8391,66.3
1988-09-01,89.8,74.8573,89.0506,66.6609,121.3233,61.5395,113.739,65.4
1988-10-01,89.8,74.6194,89.7624,66.9802,123.278,61.7996,113.6128,65.9
1988-11-01,89.8,74.3696,89.806,66.7884,123.2852,61.9552,118.2928,65.2
1988-12-01,89.6,74.1132,89.6082,66.4115,122.0271,62.2362,116.9886,68.3
1989-01-01,90.3,73.8522,89.0941,65.7979,121.9572,62.4165,102.1408,73.0
1989-02-01,90.8,73.5908,88.9624,65.4682,119.6708,62.1423,89.5536,74.5
1989-03-01,91.8,73.3328,88.2414,64.7099,116.3846,62.3049,87.9433,73.8
1989-04-01,96.6,73.0791,90.6361,66.236,119.406,62.2966,87.3203,76.7
1989-05-01,97.4,72.8337,91.5779,66.6996,120.0908,61.9483,87.3144,78.1
1989-06-01,96.9,72.5988,90.6849,65.8362,117.1421,61.9423,96.3758,77.2
1989-07-01,96.7,72.3798,90.1622,65.2592,114.3715,61.3334,105.3222,78.1
1989-08-01,94.9,72.1758,90.3818,65.2338,115.9123,61.9394,107.1247,72.8
1989-09-01,93.8,71.9872,90.3622,65.0492,115.9649,61.7394,104.3732,75.8
1989-10-01,94.4,71.8133,88.1615,63.3116,114.5039,61.6605,104.6431,75.2
1989-11-01,93.9,71.653,89.7175,64.2853,115.7841,61.8627,115.7018,75.5
1989-12-01,94.2,71.5069,87.9023,62.8562,112.7231,62.2192,114.9789,77.3
1990-01-01,98.9,71.3737,90.958,64.9201,115.9385,61.9021,110.0252,82.0
1990-02-01,98.2,71.2516,90.4648,64.4576,115.1879,62.464,102.1354,82.3
1990-03-01,97.6,71.1413,90.0527,64.0647,114.2071,62.7645,104.6903,77.9
1990-04-01,97.5,71.0414,90.3448,64.1822,113.805,62.6499,107.3247,73.1
1990-05-01,96.7,70.9505,90.4371,64.1655,112.5948,62.8126,111.45,73.8
1990-06-01,97.3,70.8669,89.5004,63.4262,109.1739,63.0256,109.9248,69.4
1990-07-01,97.1,70.7924,90.4847,64.0562,110.2121,62.9353,106.2208,71.8
1990-08-01,101.6,70.7266,91.5506,64.7507,111.9542,63.172,105.2902,80.7
1990-09-01,106.5,70.6682,90.9232,64.2538,110.9899,63.1832,105.1799,89.7
1990-10-01,110.8,70.6159,93.0271,65.692,115.8798,62.7886,101.5062,103.0
1990-11-01,111.2,70.5677,91.7601,64.753,113.4911,62.0154,107.0889,97.0
1990-12-01,111.0,70.5229,91.046,64.2082,112.7402,61.5915,102.2153,91.8
1991-01-01,108.5,70.4801,92.5488,65.2285,115.2338,61.3624,94.4515,94.8
1991-02-01,104.5,70.4347,93.1016,65.5759,117.3394,60.9255,87.6367,81.0
1991-03-01,101.9,70.3888,92.8971,65.3892,115.9412,60.5853,83.778,75.5
1991-04-01,101.2,70.3411,93.1307,65.5091,115.3629,60.7604,90.8125,74.1
1991-05-01,102.1,70.29,92.3449,64.9092,113.8292,61.3572,91.5999,76.9
1991-06-01,101.1,70.2336,91.7318,64.4266,112.4712,61.8396,90.1069,74.5
1991-07-01,100.7,70.1729,91.9701,64.5381,112.8801,62.0065,80.6426,74.9
1991-08-01,101.1,70.1072,91.6758,64.2714,112.4063,62.0141,72.1176,75.9
1991-09-01,101.5,70.0357,92.6782,64.9078,113.1974,62.5457,74.5134,73.6
1991-10-01,101.6,69.9593,92.8624,64.9659,114.2684,62.4572,73.1314,77.6
1991-11-01,102.4,69.8778,92.6931,64.7719,112.5849,62.371,78.4094,79.1
1991-12-01,103.1,69.7923,92.8581,64.8078,112.1414,62.0999,74.0974,77.1
1992-01-01,101.5,69.7027,92.7061,64.6186,113.0889,61.7744,66.0012,73.5
1992-02-01,101.2,69.6081,91.2503,63.5176,113.5193,62.2167,60.9617,73.5
1992-03-01,101.2,69.5103,91.4255,63.5501,112.9008,62.7223,63.4599,70.0
1992-04-01,101.4,69.4091,92.7635,64.3863,112.0432,63.1981,64.5111,71.8
1992-05-01,102.0,69.3047,92.6671,64.2227,110.1399,63.4008,59.0711,73.9
1992-06-01,103.3,69.1963,93.5282,64.7181,110.1199,63.4358,56.7733,75.5
1992-07-01,103.7,69.086,94.0183,64.9535,109.5638,64.013,62.4608,78.1
1992-08-01,103.5,68.9734,91.2722,62.9535,106.3475,63.6652,65.2944,76.9
1992-09-01,103.6,68.8585,92.6706,63.8116,108.0124,63.8563,61.858,81.8
1992-10-01,104.3,68.7425,92.9925,63.9254,109.4816,64.3089,69.2173,80.3
1992-11-01,105.1,68.6256,92.1773,63.2572,107.9204,64.563,79.0219,83.7
1992-12-01,105.3,68.51,93.0481,63.7472,109.1356,64.6477,79.0618,79.4
1993-01-01,105.0,68.3963,92.1844,63.0507,106.9507,64.9199,84.5532,78.7
1993-02-01,104.3,68.2837,92.4624,63.1367,106.6683,65.2156,77.6922,75.8
1993-03-01,104.9,68.1761,92.9993,63.4033,107.1525,65.1605,69.7174,75.3
1993-04-01,104.9,68.0742,92.892,63.2355,105.7266,65.3503,72.9941,75.9
1993-05-01,104.3,67.9795,92.4578,62.8523,105.1985,65.0993,75.1005,80.7
1993-06-01,103.9,67.8927,92.767,62.9821,104.397,65.2428,83.5349,82.0
1993-07-01,103.4,67.8169,92.265,62.5712,102.763,65.3988,84.9395,74.6
1993-08-01,103.4,67.7518,93.0954,63.0738,103.8288,65.3265,86.5353,73.0
1993-09-01,103.0,67.6973,92.9326,62.9128,103.1191,65.6562,88.057,74.5
1993-10-01,105.3,67.6541,93.2979,63.1199,105.0719,66.1632,89.2916,78.8
1993-11-01,104.4,67.6217,93.3383,63.1169,106.1902,66.4831,91.7128,74.0
1993-12-01,103.7,67.6001,93.2311,63.0243,105.3593,66.8399,92.9122,70.9
1994-01-01,102.8,67.588,93.461,63.1685,104.7326,67.0596,86.7069,75.1
1994-02-01,104.1,67.5835,93.0255,62.8699,104.02,67.106,81.954,69.3
1994-03-01,104.3,67.5871,93.6849,63.3189,103.6405,67.7792,82.6519,73.4
1994-04-01,103.7,67.5955,92.9886,62.8562,101.5895,68.1906,85.1928,73.1
1994-05-01,102.8,67.6068,94.0397,63.5773,102.7581,68.5136,84.093,72.0
1994-06-01,103.1,67.6179,93.5286,63.2421,101.5673,68.9608,89.4751,73.5
1994-07-01,104.5,67.6267,93.5586,63.2705,99.8804,69.0536,84.9554,72.4
1994-08-01,106.7,67.6289,93.8254,63.453,100.5467,69.5074,77.3596,73.3
1994-09-01,106.1,67.6224,93.4221,63.1743,101.5406,69.7304,79.2592,69.2
1994-10-01,105.7,67.6068,92.6967,62.6693,102.2951,70.2734,80.6195,67.1
1994-11-01,106.1,67.5809,93.6045,63.2588,101.8408,70.7471,84.9616,66.2
1994-12-01,105.9,67.5459,94.8185,64.046,103.8577,71.4653,85.3032,68.6
1995-01-01,105.7,67.5016,93.5581,63.1531,102.6684,71.5873,83.2732,68.7
1995-02-01,105.8,67.4476,93.7372,63.2235,104.3949,71.4827,78.7151,66.9
1995-03-01,105.5,67.3873,92.631,62.4215,101.4128,71.5962,72.0228,65.7
1995-04-01,105.6,67.3206,93.3838,62.8665,101.4635,71.4939,72.5527,68.3
1995-05-01,105.8,67.2503,93.6697,62.9931,101.8574,71.8245,78.8056,69.2
1995-06-01,106.7,67.1772,93.5492,62.8437,101.0789,72.0577,77.2476,69.1
1995-07-01,105.8,67.1051,93.265,62.5856,99.0841,71.7421,82.2635,65.7
1995-08-01,105.6,67.0356,92.9252,62.2929,99.0508,72.6863,84.0376,61.8
1995-09-01,104.1,66.9697,92.7831,62.1365,98.5829,72.989,84.6375,63.5
1995-10-01,104.4,66.909,91.5278,61.2403,98.6565,72.8743,86.1644,63.7
1995-11-01,103.4,66.8538,93.8146,62.7187,101.1818,73.0432,86.6439,66.0
1995-12-01,104.4,66.8054,93.4519,62.4309,100.3306,73.3148,90.2732,71.0
1996-01-01,106.9,66.7637,92.9927,62.0853,99.7987,72.9017,89.4471,78.0
1996-02-01,107.1,66.7281,93.4655,62.3677,101.0512,73.955,83.4973,82.6
1996-03-01,108.3,66.6998,93.8347,62.5876,100.9694,73.8546,80.8974,79.2
1996-04-01,111.2,66.6778,94.1371,62.7686,99.0121,74.6152,93.2797,86.2
1996-05-01,112.0,66.6618,93.2382,62.1543,98.2419,75.15,96.8996,81.8
1996-06-01,110.3,66.6504,94.6476,63.083,99.2287,75.719,94.1198,75.9
1996-07-01,110.1,66.6436,93.8881,62.5704,97.3823,75.7189,92.3335,80.7
1996-08-01,109.7,66.64,94.3539,62.8775,97.7246,76.0875,93.9688,82.7
1996-09-01,109.8,66.6383,94.9991,63.3058,99.5948,76.5959,95.191,81.3
1996-10-01,110.5,66.6383,94.14,62.7334,99.5803,76.5662,94.6851,83.7
1996-11-01,111.8,66.6389,93.8014,62.5082,99.498,77.2493,95.6461,93.4
1996-12-01,113.9,66.6401,93.9063,62.5793,99.9655,77.7342,101.6225,112.1
1997-01-01,115.2,66.6412,93.6016,62.3772,98.3693,77.8711,98.375,121.1
1997-02-01,115.0,66.6402,94.3669,62.8863,100.0931,78.7993,96.9562,99.6
1997-03-01,113.0,66.6393,94.2327,62.796,99.137,79.2746,109.7937,77.3
1997-04-01,111.0,66.6369,93.602,62.3735,98.972,79.3464,111.5934,75.5
1997-05-01,108.8,66.6334,94.2494,62.8016,99.4789,79.773,108.4639,80.2
1997-06-01,110.0,66.628,93.7244,62.4467,98.9794,80.1365,110.4508,78.9
1997-07-01,109.1,66.6216,94.1636,62.7332,98.4829,80.7798,112.7198,78.8
1997-08-01,110.9,66.6137,93.8394,62.5099,97.5307,81.6119,113.0865,79.7
1997-09-01,112.4,66.6044,95.0161,63.2849,99.659,82.4022,114.6055,83.5
1997-10-01,111.8,66.5943,94.1882,62.724,99.3732,83.1064,109.0623,93.4
1997-11-01,111.4,66.5825,92.9976,61.9201,99.2529,83.7534,111.8255,98.0
1997-12-01,109.8,66.5701,93.4008,62.177,100.3564,84.1331,113.8155,84.5
1998-01-01,107.5,66.5563,95.8015,63.7619,100.5018,84.5113,116.0024,76.2
1998-02-01,105.1,66.5277,94.6615,62.9761,99.5075,84.6409,115.3448,72.0
1998-03-01,103.3,66.4971,94.4372,62.798,98.4624,84.6684,110.8895,70.2
1998-04-01,102.4,66.464,95.4084,63.4123,99.6136,84.9827,107.0481,72.3
1998-05-01,103.2,66.4279,94.9911,63.1006,97.5265,85.5129,103.5214,72.6
1998-06-01,103.6,66.3883,94.1889,62.5304,96.302,84.998,102.0333,66.6
1998-07-01,103.3,66.3446,92.9061,61.6381,95.1796,84.6664,98.0534,70.1
1998-08-01,102.1,66.2942,93.976,62.3007,95.3062,86.4183,96.1929,64.6
1998-09-01,101.3,66.2354,89.0848,59.0056,88.9503,86.3287,95.0692,61.8
1998-10-01,101.5,66.1673,92.1178,60.9518,94.3806,86.9767,91.1427,64.6
1998-11-01,101.1,66.0894,91.8774,60.7212,94.3391,86.9005,87.3753,65.9
1998-12-01,100.1,66.0026,90.9639,60.0386,92.8559,87.2514,83.0737,62.9
1999-01-01,99.7,65.9073,91.7886,60.4954,91.6196,87.6357,79.0564,60.3
1999-02-01,99.2,65.803,92.0393,60.5646,91.6619,88.1298,74.465,57.3
1999-03-01,100.4,65.6912,91.3815,60.0296,90.3777,88.2987,74.6813,58.6
1999-04-01,105.5,65.5742,91.7602,60.171,90.4667,88.4947,70.4511,65.7
1999-05-01,104.9,65.4523,91.3662,59.8013,90.2709,89.0447,73.1234,76.3
1999-06-01,104.5,65.3269,91.8865,60.0266,88.5307,88.9802,76.5822,76.2
1999-07-01,106.7,65.2011,92.6804,60.4286,89.1068,89.5155,78.4012,79.6
1999-08-01,109.5,65.077,92.5716,60.2428,88.8309,89.8984,83.6109,87.6
1999-09-01,111.8,64.9561,93.0176,60.4206,89.202,89.496,88.9418,96.9
1999-10-01,112.0,64.8401,93.5992,60.6898,91.3898,90.6725,91.3943,91.2
1999-11-01,111.5,64.731,94.3466,61.0714,91.6002,91.1438,95.1652,101.6
1999-12-01,113.8,64.6301,94.8198,61.2822,91.5689,91.8444,95.7738,90.4
2000-01-01,115.0,64.5388,94.1153,60.7408,88.8893,91.7942,92.4596,94.2
2000-02-01,118.8,64.4577,94.0571,60.627,89.9277,92.1272,89.0518,102.6
2000-03-01,124.3,64.3882,94.7621,61.0156,90.9527,92.4733,88.2592,107.0
2000-04-01,120.9,64.3317,94.0509,60.5046,89.9672,93.0619,89.1663,102.7
2000-05-01,120.0,64.2891,94.2917,60.6193,89.8531,93.3427,93.0829,109.1
2000-06-01,126.8,64.2612,94.8047,60.9226,89.4919,93.3908,94.7415,133.1
2000-07-01,127.3,64.2492,94.8465,60.9381,88.2078,93.204,102.1976,132.8
2000-08-01,123.8,64.2542,95.4778,61.3485,88.968,92.9637,105.2779,127.4
2000-09-01,129.2,64.2767,95.151,61.1599,88.4911,93.3533,103.4032,141.9
2000-10-01,129.6,64.3162,95.3428,61.3209,89.2779,93.0019,106.1963,151.5
2000-11-01,129.2,64.3723,94.5371,60.8557,89.6408,93.0137,107.6927,147.7
2000-12-01,130.1,64.4426,93.6787,60.369,89.985,92.7388,109.1198,171.2
2001-01-01,135.0,64.5253,93.2453,60.1668,89.123,92.2054,115.9226,224.3
2001-02-01,134.1,64.619,94.4054,61.0038,88.8331,91.5813,115.6604,174.7
2001-03-01,131.7,64.7202,94.5701,61.2059,90.373,91.3567,118.7359,150.4
2001-04-01,132.3,64.8239,94.9374,61.5421,90.1015,91.072,122.7666,151.7
2001-05-01,138.4,64.926,95.0544,61.715,89.5916,90.5335,125.616,145.6
2001-06-01,136.9,65.0212,94.2714,61.2964,88.6136,90.0322,127.02,125.1
2001-07-01,129.6,65.1026,94.4552,61.4927,88.3501,89.4778,126.6491,106.4
2001-08-01,127.3,65.1629,94.2524,61.4176,87.993,89.3838,123.0946,107.0
2001-09-01,130.9,65.1993,94.6595,61.7173,87.7408,88.9262,118.9006,95.9
2001-10-01,122.9,65.2102,94.3347,61.5158,88.3115,88.6365,110.2426,79.1
2001-11-01,116.9,65.1954,94.498,61.6083,90.3883,88.1058,102.7662,92.0
2001-12-01,113.9,65.1571,94.304,61.4458,90.4819,88.0897,93.4165,78.3
2002-01-01,114.2,65.0975,93.457,60.8382,90.2664,88.6706,91.1627,84.0
2002-02-01,113.5,65.0195,93.3175,60.6746,90.3818,88.6723,85.694,77.9
2002-03-01,117.6,64.9272,92.6289,60.1413,90.4566,89.3624,81.1088,92.7
2002-04-01,121.5,64.8258,93.2578,60.455,89.821,89.7933,78.5711,111.9
2002-05-01,121.9,64.7215,94.131,60.923,90.7528,90.1629,83.9699,112.7
2002-06-01,121.6,64.6196,94.0077,60.7474,90.4353,90.9078,86.2562,101.7
2002-07-01,122.4,64.5253,94.3867,60.9033,88.3821,90.8761,87.0392,102.0
2002-08-01,123.1,64.4423,94.0466,60.6058,89.0739,90.785,87.1857,106.0
2002-09-01,123.7,64.3735,90.4829,58.247,83.1627,90.8931,88.4217,112.8
2002-10-01,126.9,64.3224,88.8531,57.1524,82.3487,90.6289,87.4699,119.5
2002-11-01,126.7,64.291,92.6571,59.5702,86.4268,91.1366,85.2996,128.8
2002-12-01,127.1,64.28,93.1086,59.8502,87.9355,90.6374,87.6392,133.9
2003-01-01,133.5,64.2894,93.3253,59.9983,88.4513,91.3852,87.3409,152.5
2003-02-01,140.8,64.3181,93.7108,60.273,88.876,91.494,90.7778,170.2
2003-03-01,143.9,64.3639,93.0649,59.9002,89.1924,91.221,92.4059,220.0
2003-04-01,136.5,64.4233,92.4279,59.5451,87.9987,90.6448,95.8581,150.2
2003-05-01,129.4,64.4903,90.8506,58.5899,87.0407,90.6163,101.3088,152.7
2003-06-01,129.8,64.5595,91.0601,58.788,86.9731,90.7372,102.9076,169.3
2003-07-01,132.2,64.6236,90.3074,58.3599,84.5034,91.2028,103.8501,160.7
2003-08-01,137.8,64.6744,91.6359,59.265,85.6613,91.0119,105.0079,151.1
2003-09-01,142.9,64.7075,92.1826,59.649,86.2021,91.6355,105.3235,149.4
2003-10-01,137.8,64.7194,91.8254,59.4288,86.2716,91.7372,105.4993,146.1
2003-11-01,136.9,64.7077,91.0887,58.9414,85.2418,92.3505,106.2347,143.7
2003-12-01,138.8,64.672,90.969,58.8315,85.6238,92.4019,106.3874,155.1
2004-01-01,143.9,64.6119,91.5803,59.1717,85.8304,92.5643,105.1381,181.1
2004-02-01,145.8,64.5283,90.7105,58.5339,85.6289,93.1092,105.4649,172.5
2004-03-01,145.1,64.4225,90.6844,58.4212,86.3174,92.7403,106.0318,165.4
2004-04-01,143.4,64.2972,90.7415,58.3442,85.4522,93.1255,106.9202,171.7
2004-05-01,147.6,64.1563,90.2433,57.8967,85.3851,93.797,108.6563,188.1
2004-06-01,151.5,64.0032,89.9057,57.5425,83.0952,93.0677,109.7149,198.0
2004-07-01,151.1,63.8429,92.0562,58.7713,84.2805,93.7646,112.802,196.6
2004-08-01,151.5,63.6791,90.9077,57.8892,81.8313,93.8516,113.8579,202.7
2004-09-01,152.9,63.5149,88.2901,56.0774,78.1028,93.9393,113.4849,184.0
2004-10-01,158.6,63.3525,89.1223,56.4612,79.465,94.8012,112.5255,203.0
2004-11-01,163.8,63.1937,91.6032,57.8875,83.3515,95.0379,116.5286,234.8
2004-12-01,162.3,63.041,92.0601,58.0356,84.6834,95.7433,116.662,214.7
2005-01-01,157.2,62.8954,92.0609,57.902,83.7003,96.1164,116.1677,202.5
2005-02-01,161.8,62.7574,93.1406,58.4527,84.5474,96.82,117.9472,205.8
2005-03-01,163.5,62.628,93.5399,58.5821,86.0721,96.6725,118.3768,221.3
2005-04-01,166.7,62.5079,93.2883,58.3126,85.4853,96.8638,119.4106,236.4
2005-05-01,163.3,62.3962,92.7208,57.8542,84.629,96.9622,117.6584,224.0
2005-06-01,163.7,62.2923,92.4799,57.6079,83.6246,97.353,121.2627,222.2
2005-07-01,172.8,62.1967,91.5766,56.9576,80.7255,97.0425,125.4775,248.4
2005-08-01,183.5,62.1075,91.0838,56.5699,79.8899,97.3856,127.9156,265.5
2005-09-01,208.2,62.0243,78.6268,48.7677,64.7959,95.509,126.3782,316.9
2005-10-01,205.9,61.9464,81.6723,50.5931,70.0275,96.6445,127.6275,352.8
2005-11-01,191.0,61.8742,86.575,53.5676,74.6616,97.6736,126.817,336.6
2005-12-01,187.6,61.8074,87.7507,54.2364,76.6704,98.2108,124.446,312.2
2006-01-01,196.6,61.7458,89.7484,55.4159,77.5835,98.3353,124.4885,308.9
2006-02-01,194.1,61.6899,89.0464,54.9327,77.338,98.3412,129.3351,259.2
2006-03-01,192.0,61.6392,88.721,54.6869,77.2618,98.5915,132.296,247.1
2006-04-01,198.5,61.5933,89.5433,55.1527,78.0977,98.9042,137.1371,257.1
2006-05-01,199.8,61.5525,90.2693,55.563,79.1559,98.8999,141.3239,259.3
2006-06-01,199.8,61.5166,91.4512,56.2577,79.3437,99.209,142.5737,241.7
2006-07-01,207.9,61.4865,92.0617,56.6055,78.2896,99.1473,143.5348,252.6
2006-08-01,211.9,61.4626,92.0113,56.5525,77.4531,99.5815,149.0493,270.1
2006-09-01,198.1,61.4452,92.681,56.948,77.3136,99.4133,148.1101,242.1
2006-10-01,184.1,61.4338,93.0104,57.1399,78.5006,99.2931,147.5037,191.7
2006-11-01,184.1,61.4284,92.0386,56.5379,77.8246,99.2376,144.8919,244.5
2006-12-01,192.7,61.4286,92.9548,57.1008,79.6982,100.2526,145.4137,256.2
2007-01-01,190.281,61.4342,91.7013,56.3359,78.4959,99.86,145.2969,217.7
2007-02-01,192.31,61.4449,91.6997,56.3448,78.6507,100.8096,147.9094,248.3
2007-03-01,200.206,61.4609,91.7296,56.3778,78.6724,101.0257,147.5644,252.4
2007-04-01,203.307,61.482,92.1637,56.6641,79.6096,101.7497,146.4442,257.1
2007-05-01,208.635,61.5084,93.2214,57.339,80.0867,101.8148,146.5627,268.2
2007-06-01,209.799,61.5403,92.2411,56.7655,77.9959,101.8424,148.7094,270.9
2007-07-01,209.639,61.5774,93.0732,57.3121,77.426,101.7209,148.913,269.6
2007-08-01,206.412,61.6198,92.931,57.2638,76.3776,101.9639,149.2491,254.1
2007-09-01,210.742,61.6676,92.7892,57.2209,75.3393,102.2023,146.3957,256.2
2007-10-01,212.386,61.7215,93.643,57.7978,77.1829,101.8873,140.6146,279.6
2007-11-01,223.814,61.7818,94.0854,58.1276,77.3677,102.4717,145.1936,314.8
2007-12-01,225.649,61.8485,94.1984,58.2603,78.5475,102.4621,146.3133,315.9
2008-01-01,226.775,61.9219,94.1624,58.3071,78.6199,102.3148,141.1634,321.9
2008-02-01,229.731,62.0023,93.971,58.2642,79.131,101.9384,141.5953,335.0
2008-03-01,233.349,62.0898,94.3933,58.6086,79.7618,101.5904,144.7219,371.6
2008-04-01,234.778,62.184,94.576,58.8111,79.6233,100.9098,148.8424,390.8
2008-05-01,243.924,62.2853,93.763,58.4006,79.0554,100.3073,153.1594,436.2
2008-06-01,262.081,62.394,94.5038,58.9647,78.9797,100.0853,156.8709,456.0
2008-07-01,271.149,62.5092,97.0269,60.6507,79.5818,99.6124,160.5793,490.4
2008-08-01,262.566,62.6307,94.5224,59.2001,76.9113,98.0601,167.6553,383.6
2008-09-01,260.125,62.7586,78.8012,49.4546,60.9813,93.8451,173.2138,341.2
2008-10-01,238.065,62.8926,89.2819,56.1517,72.7737,94.7036,173.5425,259.4
2008-11-01,195.155,63.0325,93.1806,58.7341,78.0311,93.4737,170.8748,199.5
2008-12-01,176.583,63.1771,92.6438,58.5296,78.4179,90.825,160.7869,184.1
2009-01-01,178.661,63.326,94.2509,59.6853,78.9641,88.583,145.3539,180.3
2009-02-01,183.721,63.4796,94.499,59.9876,80.4747,88.0069,126.5744,154.1
2009-03-01,178.415,63.6371,93.8692,59.7357,80.0694,86.6045,106.0871,154.1
2009-04-01,177.552,63.7972,94.0955,60.0303,81.1448,85.9406,96.8349,157.0
2009-05-01,179.83,63.9606,94.7009,60.5712,82.6268,85.0635,92.6403,168.6
2009-06-01,197.033,64.127,94.3814,60.524,80.9552,84.7841,89.1965,192.2
2009-07-01,195.778,64.2943,96.0692,61.7671,82.9206,85.7471,89.0661,179.9
2009-08-01,201.583,64.4623,96.0589,61.9218,83.1704,86.7094,90.6655,194.8
2009-09-01,202.777,64.6309,96.2814,62.2276,85.4523,87.4072,92.3237,186.6
2009-10-01,204.719,64.8005,95.3837,61.8091,84.8308,87.6595,93.6125,210.8
2009-11-01,210.932,64.9713,93.7338,60.9001,82.7085,88.0061,97.2556,233.5
2009-12-01,209.915,65.1427,93.3312,60.7985,83.6406,88.2819,100.3878,235.5
2010-01-01,212.807,65.3151,93.4531,61.039,82.8886,89.2744,105.6842,271.6
2010-02-01,209.624,65.4896,94.5054,61.8912,85.3248,89.5648,110.9803,257.3
2010-03-01,209.326,65.6666,94.1832,61.8469,84.6772,90.2296,114.8997,250.9
2010-04-01,209.219,65.8459,93.4989,61.5652,82.7844,90.5689,117.5717,240.0
2010-05-01,206.631,66.0301,93.5683,61.7832,82.9151,91.8247,116.3715,226.8
2010-06-01,203.764,66.2208,93.7043,62.0518,82.7532,92.007,110.3161,226.7
2010-07-01,206.877,66.4176,93.9134,62.375,81.4937,92.3967,110.5909,232.7
2010-08-01,208.77,66.6225,95.2131,63.4334,83.6856,92.7118,114.8271,235.5
2010-09-01,209.832,66.8371,96.5831,64.5534,86.2915,92.9252,115.6988,219.6
2010-10-01,216.71,67.0627,95.9013,64.314,86.4411,92.7115,116.9653,233.4
2010-11-01,219.496,67.3008,94.931,63.8893,85.6213,92.7535,118.2956,235.6
2010-12-01,227.13,67.5505,95.3765,64.4273,86.1634,93.6492,121.1287,256.4
2011-01-01,229.258,67.8131,93.6488,63.5062,84.4668,93.4768,122.2214,261.7
2011-02-01,232.068,68.0907,90.6653,61.7346,83.0401,93.0617,123.7601,259.7
2011-03-01,240.079,68.3839,94.5186,64.6355,86.3079,94.0244,125.3714,275.0
2011-04-01,247.977,68.6925,94.3211,64.7915,85.3975,93.7011,131.4246,297.6
2011-05-01,250.744,69.0192,94.7526,65.3975,86.3314,93.849,136.9208,289.1
2011-06-01,245.534,69.3661,94.952,65.8645,85.8004,94.0844,139.5111,281.9
2011-07-01,246.187,69.7305,93.4531,65.1653,83.5255,94.5881,144.4296,286.8
2011-08-01,246.88,70.1149,95.1771,66.7333,86.9308,95.1605,149.8429,264.3
2011-09-01,248.55,70.5206,93.5306,65.9584,85.8804,95.0855,152.0166,270.8
2011-10-01,246.655,70.9491,95.8323,67.9922,90.5414,95.6902,156.2118,262.9
2011-11-01,247.64,71.401,96.867,69.1641,92.3169,95.7307,157.2563,278.0
2011-12-01,243.353,71.8753,96.6004,69.4318,92.7918,96.2047,158.8129,267.7
2012-01-01,244.876,72.3723,97.9,70.8525,94.773,96.7772,159.8467,264.4
2012-02-01,248.898,72.8938,97.1557,70.8205,96.0774,97.051,159.4333,257.1
2012-03-01,249.742,73.439,97.2477,71.4177,96.9254,96.5714,159.8193,259.7
2012-04-01,249.677,74.0051,96.4524,71.3797,96.8543,97.3139,159.9221,247.7
2012-05-01,241.806,74.5939,96.5531,72.0228,97.7059,97.4669,162.4347,227.4
2012-06-01,235.897,75.2061,95.7472,72.0078,96.4381,97.4577,163.8745,208.4
2012-07-01,233.568,75.8346,96.9699,73.5367,98.7754,97.6786,163.4156,219.4
2012-08-01,244.987,76.4758,94.9872,72.6422,97.3527,97.2842,162.429,240.3
2012-09-01,252.987,77.1276,96.6376,74.5342,100.9649,97.2295,160.0368,242.8
2012-10-01,256.017,77.7899,98.2407,76.4214,106.848,97.5344,158.6539,240.3
2012-11-01,248.819,78.4637,98.1002,76.9731,108.2441,97.9837,158.6531,241.2
2012-12-01,244.708,79.1447,97.7922,77.3973,109.0409,98.2122,157.982,242.6
2013-01-01,245.025,79.8328,96.9486,77.3968,108.0645,98.1664,157.414,249.7
2013-02-01,255.696,80.5305,96.8482,77.9923,109.9059,98.6458,159.3636,250.2
2013-03-01,246.595,81.2371,96.4352,78.3412,110.8859,99.0597,159.1181,248.9
2013-04-01,240.473,81.9494,97.2065,79.6602,113.1561,98.9927,159.3697,259.0
2013-05-01,240.468,82.6752,96.4673,79.7545,112.5607,99.0726,161.4941,262.2
2013-06-01,242.711,83.4178,96.1355,80.1942,111.8153,99.2065,162.2021,259.9
2013-07-01,242.986,84.1714,97.756,82.2826,115.1254,98.9204,162.9814,270.4
2013-08-01,244.833,84.9409,96.8701,82.2823,115.8771,99.4996,164.4035,269.3
2013-09-01,242.745,85.7283,98.3786,84.3384,119.7576,100.0568,163.0456,271.7
2013-10-01,241.954,86.5359,95.7357,82.8458,118.4588,99.9168,159.5845,261.6
2013-11-01,242.718,87.364,95.6867,83.5957,121.1252,100.1762,159.2019,247.0
2013-12-01,245.733,88.2065,95.3113,84.0707,121.5311,100.3658,159.7718,259.1
2014-01-01,250.34,89.0623,96.363,85.8231,123.865,100.038,158.234,265.7
2014-02-01,249.925,89.933,96.5076,86.7921,125.1794,100.7918,157.3928,302.8
2014-03-01,249.961,90.8138,96.9799,88.0711,127.3125,101.7782,159.2535,285.4
2014-04-01,249.864,91.6963,98.3145,90.1507,131.9026,101.8337,162.021,282.3
2014-05-01,249.213,92.5814,98.8629,91.5287,132.512,102.2325,166.2423,279.5
2014-06-01,249.714,93.4652,100.1061,93.5644,134.1295,102.5722,167.9846,280.1
2014-07-01,248.744,94.3331,99.8662,94.2068,135.1254,102.8479,171.3676,269.2
2014-08-01,245.699,95.1825,99.6954,94.8926,136.7149,102.6491,178.5137,253.3
2014-09-01,241.61,96.0097,99.8323,95.8488,139.1044,102.9858,184.8687,247.9
2014-10-01,237.061,96.8111,99.9077,96.7218,141.8698,102.9911,187.606,226.0
2014-11-01,229.016,97.5812,98.2352,95.859,143.1369,103.6669,191.9417,213.3
2014-12-01,218.536,98.3122,100.7767,99.0758,145.6623,103.6139,194.821,188.6
2015-01-01,199.926,98.9998,99.2593,98.2666,144.4017,102.8479,180.6577,139.2
2015-02-01,203.021,99.6421,99.4978,99.1417,146.3379,102.2292,153.9321,140.6
2015-03-01,205.757,100.2329,99.4072,99.6387,147.3707,101.8945,129.7744,138.8
2015-04-01,203.577,100.7645,99.8421,100.6054,148.4751,101.2859,114.7423,140.8
2015-05-01,208.973,101.2381,98.4221,99.6406,145.6176,100.8408,109.1456,153.0
2015-06-01,212.015,101.651,97.997,99.6149,143.7822,100.5063,107.8138,154.9
2015-07-01,211.623,101.9966,97.7857,99.7381,145.0971,101.1831,112.1723,142.2
2015-08-01,208.579,102.277,97.3711,99.5883,144.6443,100.9115,117.6164,126.2
2015-09-01,197.246,102.4938,97.4851,99.9162,145.5547,100.568,114.7549,125.2
2015-10-01,195.616,102.6496,96.3216,98.8737,144.4476,100.1588,110.128,125.5
2015-11-01,195.114,102.7456,94.4993,97.0939,143.3597,99.4099,107.2105,112.4
2015-12-01,190.143,102.788,95.1707,97.8241,142.3398,98.8329,99.4866,100.7
2016-01-01,185.235,102.7831,95.1052,97.752,141.5058,99.4797,93.263,92.7
2016-02-01,176.401,102.738,94.0978,96.6742,139.3171,98.9583,78.4006,86.0
2016-03-01,182.234,102.6619,94.111,96.6161,139.7206,98.1954,70.981,91.3
2016-04-01,186.713,102.5652,92.6965,95.0743,136.4113,98.4673,65.6869,102.2
2016-05-01,188.596,102.4594,93.1312,95.4217,135.7673,98.2889,60.6949,113.6
2016-06-01,192.899,102.3558,92.7376,94.9223,133.4092,98.7201,60.4191,122.7
2016-07-01,189.046,102.2658,92.2921,94.3833,132.8634,98.8992,63.1207,131.0
2016-08-01,188.772,102.2012,91.6282,93.6452,133.4037,98.7249,64.9977,124.3
2016-09-01,192.243,102.1714,90.1397,92.097,131.0739,98.606,67.5291,129.6
2016-10-01,195.979,102.1857,92.2671,94.2839,135.2004,98.6703,71.761,141.8
2016-11-01,196.372,102.2534,91.6288,93.6936,136.7545,98.2288,74.6212,129.8
2016-12-01,199.513,102.3784,91.5113,93.6878,135.0579,98.8958,79.5811,155.6
2017-01-01,205.369,102.5659,92.2111,94.5772,136.0151,98.7446,83.599,166.1
2017-02-01,204.133,102.8204,93.8684,96.5159,139.7616,98.3676,87.6182,160.1
2017-03-01,202.528,103.1455,94.5061,97.4788,140.6347,99.1065,90.8167,135.4
2017-04-01,202.954,103.5428,93.9269,97.2546,139.7818,100.0363,96.71,149.2
2017-05-01,198.449,104.0157,94.8769,98.6869,141.0662,100.147,100.731,142.1
2017-06-01,197.808,104.5669,95.0898,99.4324,139.6258,100.3042,104.3664,138.0
2017-07-01,195.994,105.1918,95.2243,100.1681,142.0304,100.2092,106.3771,137.5
2017-08-01,201.45,105.891,93.9598,99.495,142.2278,99.7055,104.8163,141.2
2017-09-01,212.723,106.664,95.0975,101.4348,146.1078,99.7485,105.1302,145.4
2017-10-01,208.328,107.5104,96.0767,103.2924,149.3223,100.988,105.2996,148.6
2017-11-01,213.047,108.43,97.4753,105.6924,155.4806,101.273,105.6284,157.5
2017-12-01,213.574,109.4128,96.8547,105.9715,154.5212,101.3696,108.907,163.4
2018-01-01,216.872,110.4561,96.455,106.5404,153.8106,101.3561,111.0751,170.6
2018-02-01,220.381,111.5614,97.2366,108.4784,157.7185,101.6495,116.3043,172.4
2018-03-01,216.925,112.7227,98.3211,110.8302,161.0079,102.298,118.9054,156.0
2018-04-01,218.268,113.929,98.0174,111.6702,161.2218,103.4095,124.0957,163.7
2018-05-01,220.632,115.1818,97.3909,112.1766,161.055,102.5408,131.1955,174.4
2018-06-01,221.473,116.4767,98.4052,114.6192,164.2741,103.3045,133.4382,172.2
2018-07-01,219.758,117.7927,99.4038,117.0904,168.3318,103.5474,132.7792,182.4
2018-08-01,222.435,119.1245,101.4489,120.8505,174.3154,104.1659,133.4258,175.1
2018-09-01,223.444,120.465,100.927,121.5817,176.5566,104.1315,133.586,182.7
2018-10-01,226.462,121.8075,100.1856,122.0336,177.9179,103.9874,134.7733,186.0
2018-11-01,219.267,123.1436,99.9536,123.0864,183.568,103.9127,136.2033,166.4
2018-12-01,212.633,124.4564,100.301,124.8311,184.1394,103.867,135.8229,175.2
2019-01-01,205.54,125.736,99.7421,125.4116,182.5539,103.3023,132.4008,156.0
2019-02-01,208.699,126.9746,96.9887,123.1511,178.5425,102.728,129.8317,148.1
2019-03-01,216.376,128.1572,98.1585,125.7972,181.9135,102.8635,127.3185,148.0
2019-04-01,221.758,129.2637,99.3176,128.3816,185.4442,102.2543,126.4087,148.9
2019-05-01,219.68,130.2894,99.3467,129.4382,185.3024,102.4519,123.8648,142.3
2019-06-01,214.666,131.2223,99.0974,130.0379,184.5004,102.384,124.2738,128.8
2019-07-01,215.85,132.0404,96.1717,126.9854,180.9333,102.0568,124.7607,132.0
2019-08-01,213.169,132.738,99.0022,131.4136,189.4646,102.6882,124.5304,127.3
2019-09-01,213.122,133.3122,99.2137,132.264,190.9089,102.3143,121.7102,131.2
2019-10-01,216.62,133.7611,99.847,133.5564,193.898,101.4645,119.7512,125.6
2019-11-01,217.435,134.0811,99.0874,132.8576,196.8331,101.9876,118.694,138.3
2019-12-01,219.786,134.2781,99.3699,133.4321,196.0397,101.6179,122.375,139.0
2020-01-01,217.803,134.3577,100.4612,134.9774,195.1628,101.0918,124.3147,131.0
2020-02-01,214.119,134.33,99.0553,133.0609,195.0352,101.3247,129.1617,111.7
2020-03-01,203.912,134.2059,99.9894,134.1916,194.9286,97.4477,128.9228,81.1
2020-04-01,182.889,133.9989,95.3717,127.7971,183.8187,84.2018,96.3144,54.6
2020-05-01,179.542,133.7285,82.896,110.8556,153.3748,85.8434,63.388,71.2
2020-06-01,188.437,133.4107,87.4569,116.6768,159.8629,91.1622,52.5963,87.5
2020-07-01,192.556,133.0627,91.0781,121.191,167.9483,94.8887,50.3265,89.1
2020-08-01,194.285,132.6985,88.1138,116.9257,162.0369,95.8924,50.4509,98.5
2020-09-01,196.875,132.3293,89.7235,118.7305,166.3663,95.6019,53.0332,103.7
2020-10-01,196.435,131.9658,86.9093,114.6906,159.8218,96.6454,56.8661,100.4
2020-11-01,196.359,131.6157,90.6406,119.2973,170.8845,97.1609,61.4994,119.6
2020-12-01,203.649,131.2864,90.4574,118.7583,169.6635,98.2854,68.0991,129.3
2021-01-01,209.328,130.9824,92.2336,120.8097,169.2416,99.4076,73.9509,140.8
2021-02-01,218.944,130.705,80.7507,105.5452,150.8145,96.3966,78.0402,189.1
2021-03-01,231.127,130.4557,92.5374,120.7203,165.8403,99.1618,78.1527,164.0
2021-04-01,228.374,130.2351,94.3806,122.9167,165.4243,99.2416,81.4479,153.0
2021-05-01,229.874,130.0367,95.6589,124.3916,165.4243,99.9226,84.6214,167.5
2021-06-01,234.625,129.8558,96.4609,125.26,165.4243,100.4704,86.0498,180.5
2021-07-01,238.447,129.6899,96.3838,125.0,165.4243,101.1676,90.1924,200.198
2021-08-01,242.958,129.5315,95.0631,123.1367,165.4243,101.0927,91.5246,200.824
2021-09-01,245.847,129.376,92.6765,119.9012,165.4243,99.844,89.8666,219.383
2021-10-01,255.01,129.2192,97.1961,125.596,165.4243,101.2341,97.3429,261.959
2021-11-01,261.257,129.0581,97.6404,126.0128,165.4243,102.1319,101.9857,265.085
2021-12-01,263.553,128.8915,98.9926,127.5929,165.4243,102.0234,105.6063,226.091
2022-01-01,265.929,129.2506,99.326,128.3795,165.4243,103.4677,110.8833,226.091
