date,ticker,weight
2023-11-10,ACGL,0.1111111111111111
2023-11-10,ADBE,0.1111111111111111
2023-11-10,AVGO,0.1111111111111111
2023-11-10,CBOE,0.1111111111111111
2023-11-10,CDNS,0.1111111111111111
2023-11-10,FDX,0.1111111111111111
2023-11-10,META,0.1111111111111111
2023-11-10,NVDA,0.1111111111111111
2023-11-10,SNPS,0.1111111111111111
2023-11-17,ACGL,0.125
2023-11-17,ADBE,0.125
2023-11-17,AVGO,0.125
2023-11-17,CBOE,0.125
2023-11-17,LLY,0.125
2023-11-17,META,0.125
2023-11-17,NVDA,0.125
2023-11-17,PHM,0.125
2023-11-24,ACGL,0.16666666666666666
2023-11-24,CBOE,0.16666666666666666
2023-11-24,LLY,0.16666666666666666
2023-11-24,META,0.16666666666666666
2023-11-24,NVDA,0.16666666666666666
2023-11-24,PHM,0.16666666666666666
2023-12-01,ACGL,0.125
2023-12-01,ADBE,0.125
2023-12-01,AVGO,0.125
2023-12-01,CBOE,0.125
2023-12-01,LLY,0.125
2023-12-01,META,0.125
2023-12-01,NVDA,0.125
2023-12-01,PHM,0.125
2023-12-08,ADBE,0.1111111111111111
2023-12-08,AVGO,0.1111111111111111
2023-12-08,CBOE,0.1111111111111111
2023-12-08,CDNS,0.1111111111111111
2023-12-08,META,0.1111111111111111
2023-12-08,NVDA,0.1111111111111111
2023-12-08,PHM,0.1111111111111111
2023-12-08,SNPS,0.1111111111111111
2023-12-08,TDG,0.1111111111111111
2023-12-15,ADBE,0.08333333333333333
2023-12-15,AVGO,0.08333333333333333
2023-12-15,BKNG,0.08333333333333333
2023-12-15,CBOE,0.08333333333333333
2023-12-15,CDNS,0.08333333333333333
2023-12-15,CRM,0.08333333333333333
2023-12-15,META,0.08333333333333333
2023-12-15,NVDA,0.08333333333333333
2023-12-15,PHM,0.08333333333333333
2023-12-15,RCL,0.08333333333333333
2023-12-15,SNPS,0.08333333333333333
2023-12-15,TDG,0.08333333333333333
2023-12-22,ADBE,0.07692307692307693
2023-12-22,AJG,0.07692307692307693
2023-12-22,AVGO,0.07692307692307693
2023-12-22,CBOE,0.07692307692307693
2023-12-22,CDNS,0.07692307692307693
2023-12-22,CRM,0.07692307692307693
2023-12-22,META,0.07692307692307693
2023-12-22,MSFT,0.07692307692307693
2023-12-22,NOW,0.07692307692307693
2023-12-22,NVDA,0.07692307692307693
2023-12-22,PHM,0.07692307692307693
2023-12-22,RCL,0.07692307692307693
2023-12-22,SNPS,0.07692307692307693
2023-12-29,ADBE,0.07142857142857142
2023-12-29,AJG,0.07142857142857142
2023-12-29,AVGO,0.07142857142857142
2023-12-29,CBOE,0.07142857142857142
2023-12-29,CDNS,0.07142857142857142
2023-12-29,CRM,0.07142857142857142
2023-12-29,META,0.07142857142857142
2023-12-29,MSFT,0.07142857142857142
2023-12-29,NOW,0.07142857142857142
2023-12-29,NVDA,0.07142857142857142
2023-12-29,PHM,0.07142857142857142
2023-12-29,RCL,0.07142857142857142
2023-12-29,SNPS,0.07142857142857142
2023-12-29,TTWO,0.07142857142857142
2024-01-05,AAPL,0.06666666666666667
2024-01-05,ADBE,0.06666666666666667
2024-01-05,AMD,0.06666666666666667
2024-01-05,AVGO,0.06666666666666667
2024-01-05,CBOE,0.06666666666666667
2024-01-05,CDNS,0.06666666666666667
2024-01-05,CRM,0.06666666666666667
2024-01-05,GE,0.06666666666666667
2024-01-05,META,0.06666666666666667
2024-01-05,MSFT,0.06666666666666667
2024-01-05,NOW,0.06666666666666667
2024-01-05,NVDA,0.06666666666666667
2024-01-05,PHM,0.06666666666666667
2024-01-05,RCL,0.06666666666666667
2024-01-05,SNPS,0.06666666666666667
2024-01-12,AAPL,0.05555555555555555
2024-01-12,ADBE,0.05555555555555555
2024-01-12,AMD,0.05555555555555555
2024-01-12,ANET,0.05555555555555555
2024-01-12,AVGO,0.05555555555555555
2024-01-12,CBOE,0.05555555555555555
2024-01-12,CDNS,0.05555555555555555
2024-01-12,CRM,0.05555555555555555
2024-01-12,GE,0.05555555555555555
2024-01-12,META,0.05555555555555555
2024-01-12,MSFT,0.05555555555555555
2024-01-12,NOW,0.05555555555555555
2024-01-12,NVDA,0.05555555555555555
2024-01-12,PHM,0.05555555555555555
2024-01-12,RCL,0.05555555555555555
2024-01-12,RSG,0.05555555555555555
2024-01-12,SNPS,0.05555555555555555
2024-01-12,TTWO,0.05555555555555555
2024-01-19,ADBE,0.058823529411764705
2024-01-19,AMD,0.058823529411764705
2024-01-19,ANET,0.058823529411764705
2024-01-19,AVGO,0.058823529411764705
2024-01-19,CBOE,0.058823529411764705
2024-01-19,CDNS,0.058823529411764705
2024-01-19,COST,0.058823529411764705
2024-01-19,CRM,0.058823529411764705
2024-01-19,GE,0.058823529411764705
2024-01-19,META,0.058823529411764705
2024-01-19,MSFT,0.058823529411764705
2024-01-19,NRG,0.058823529411764705
2024-01-19,NVDA,0.058823529411764705
2024-01-19,PHM,0.058823529411764705
2024-01-19,RCL,0.058823529411764705
2024-01-19,SNPS,0.058823529411764705
2024-01-19,TTWO,0.058823529411764705
2024-01-26,ADBE,0.05555555555555555
2024-01-26,AMD,0.05555555555555555
2024-01-26,ANET,0.05555555555555555
2024-01-26,AVGO,0.05555555555555555
2024-01-26,CBOE,0.05555555555555555
2024-01-26,CDNS,0.05555555555555555
2024-01-26,CRM,0.05555555555555555
2024-01-26,CTAS,0.05555555555555555
2024-01-26,GE,0.05555555555555555
2024-01-26,LLY,0.05555555555555555
2024-01-26,META,0.05555555555555555
2024-01-26,MSFT,0.05555555555555555
2024-01-26,NRG,0.05555555555555555
2024-01-26,NVDA,0.05555555555555555
2024-01-26,PHM,0.05555555555555555
2024-01-26,RCL,0.05555555555555555
2024-01-26,ROP,0.05555555555555555
2024-01-26,RSG,0.05555555555555555
2024-02-02,ANET,0.05555555555555555
2024-02-02,AVGO,0.05555555555555555
2024-02-02,CAH,0.05555555555555555
2024-02-02,CBOE,0.05555555555555555
2024-02-02,CTAS,0.05555555555555555
2024-02-02,ETN,0.05555555555555555
2024-02-02,GE,0.05555555555555555
2024-02-02,LLY,0.05555555555555555
2024-02-02,META,0.05555555555555555
2024-02-02,MSFT,0.05555555555555555
2024-02-02,NRG,0.05555555555555555
2024-02-02,NVDA,0.05555555555555555
2024-02-02,PHM,0.05555555555555555
2024-02-02,RCL,0.05555555555555555
2024-02-02,ROP,0.05555555555555555
2024-02-02,RSG,0.05555555555555555
2024-02-02,VRSK,0.05555555555555555
2024-02-02,VRTX,0.05555555555555555
2024-02-09,ANET,0.05555555555555555
2024-02-09,AVGO,0.05555555555555555
2024-02-09,BR,0.05555555555555555
2024-02-09,CBOE,0.05555555555555555
2024-02-09,COST,0.05555555555555555
2024-02-09,DHI,0.05555555555555555
2024-02-09,GE,0.05555555555555555
2024-02-09,LLY,0.05555555555555555
2024-02-09,META,0.05555555555555555
2024-02-09,MSFT,0.05555555555555555
2024-02-09,NOW,0.05555555555555555
2024-02-09,NRG,0.05555555555555555
2024-02-09,NVDA,0.05555555555555555
2024-02-09,NVR,0.05555555555555555
2024-02-09,PHM,0.05555555555555555
2024-02-09,ROP,0.05555555555555555
2024-02-09,RSG,0.05555555555555555
2024-02-09,VRTX,0.05555555555555555
2024-02-16,AKAM,0.0625
2024-02-16,AMD,0.0625
2024-02-16,AVGO,0.0625
2024-02-16,BRO,0.0625
2024-02-16,CBOE,0.0625
2024-02-16,COST,0.0625
2024-02-16,GE,0.0625
2024-02-16,LLY,0.0625
2024-02-16,META,0.0625
2024-02-16,MSFT,0.0625
2024-02-16,NOW,0.0625
2024-02-16,NRG,0.0625
2024-02-16,NVDA,0.0625
2024-02-16,PHM,0.0625
2024-02-16,ROP,0.0625
2024-02-16,VRTX,0.0625
2024-02-23,ADBE,0.058823529411764705
2024-02-23,AKAM,0.058823529411764705
2024-02-23,AMD,0.058823529411764705
2024-02-23,AVGO,0.058823529411764705
2024-02-23,BRO,0.058823529411764705
2024-02-23,CBOE,0.058823529411764705
2024-02-23,COST,0.058823529411764705
2024-02-23,CRM,0.058823529411764705
2024-02-23,GE,0.058823529411764705
2024-02-23,LLY,0.058823529411764705
2024-02-23,META,0.058823529411764705
2024-02-23,MSFT,0.058823529411764705
2024-02-23,NOW,0.058823529411764705
2024-02-23,NRG,0.058823529411764705
2024-02-23,NVDA,0.058823529411764705
2024-02-23,PHM,0.058823529411764705
2024-02-23,ROP,0.058823529411764705
2024-03-01,ADBE,0.05555555555555555
2024-03-01,AKAM,0.05555555555555555
2024-03-01,AMD,0.05555555555555555
2024-03-01,AVGO,0.05555555555555555
2024-03-01,BRO,0.05555555555555555
2024-03-01,CBOE,0.05555555555555555
2024-03-01,CEG,0.05555555555555555
2024-03-01,CMG,0.05555555555555555
2024-03-01,COST,0.05555555555555555
2024-03-01,GE,0.05555555555555555
2024-03-01,LLY,0.05555555555555555
2024-03-01,META,0.05555555555555555
2024-03-01,MSFT,0.05555555555555555
2024-03-01,NOW,0.05555555555555555
2024-03-01,NRG,0.05555555555555555
2024-03-01,NVDA,0.05555555555555555
2024-03-01,PHM,0.05555555555555555
2024-03-01,ROP,0.05555555555555555
2024-03-08,ADBE,0.058823529411764705
2024-03-08,AKAM,0.058823529411764705
2024-03-08,AMZN,0.058823529411764705
2024-03-08,AVGO,0.058823529411764705
2024-03-08,BRO,0.058823529411764705
2024-03-08,CBOE,0.058823529411764705
2024-03-08,CEG,0.058823529411764705
2024-03-08,CMG,0.058823529411764705
2024-03-08,COST,0.058823529411764705
2024-03-08,GE,0.058823529411764705
2024-03-08,LLY,0.058823529411764705
2024-03-08,META,0.058823529411764705
2024-03-08,MSFT,0.058823529411764705
2024-03-08,NOW,0.058823529411764705
2024-03-08,NVDA,0.058823529411764705
2024-03-08,PHM,0.058823529411764705
2024-03-08,PTC,0.058823529411764705
2024-03-15,AVGO,0.058823529411764705
2024-03-15,BRKB,0.058823529411764705
2024-03-15,BRO,0.058823529411764705
2024-03-15,CBOE,0.058823529411764705
2024-03-15,CEG,0.058823529411764705
2024-03-15,COST,0.058823529411764705
2024-03-15,GE,0.058823529411764705
2024-03-15,HWM,0.058823529411764705
2024-03-15,IR,0.058823529411764705
2024-03-15,LLY,0.058823529411764705
2024-03-15,META,0.058823529411764705
2024-03-15,NOW,0.058823529411764705
2024-03-15,NRG,0.058823529411764705
2024-03-15,NVDA,0.058823529411764705
2024-03-15,NWS,0.058823529411764705
2024-03-15,PHM,0.058823529411764705
2024-03-15,PTC,0.058823529411764705
2024-03-22,AVGO,0.058823529411764705
2024-03-22,BRKB,0.058823529411764705
2024-03-22,BRO,0.058823529411764705
2024-03-22,CBOE,0.058823529411764705
2024-03-22,CEG,0.058823529411764705
2024-03-22,COST,0.058823529411764705
2024-03-22,FICO,0.058823529411764705
2024-03-22,GE,0.058823529411764705
2024-03-22,HWM,0.058823529411764705
2024-03-22,LLY,0.058823529411764705
2024-03-22,META,0.058823529411764705
2024-03-22,NRG,0.058823529411764705
2024-03-22,NVDA,0.058823529411764705
2024-03-22,NWS,0.058823529411764705
2024-03-22,PHM,0.058823529411764705
2024-03-22,RSG,0.058823529411764705
2024-03-22,TDG,0.058823529411764705
2024-03-29,AVGO,0.05555555555555555
2024-03-29,BRKB,0.05555555555555555
2024-03-29,BRO,0.05555555555555555
2024-03-29,CBOE,0.05555555555555555
2024-03-29,CEG,0.05555555555555555
2024-03-29,COST,0.05555555555555555
2024-03-29,ETN,0.05555555555555555
2024-03-29,FICO,0.05555555555555555
2024-03-29,GE,0.05555555555555555
2024-03-29,HWM,0.05555555555555555
2024-03-29,LLY,0.05555555555555555
2024-03-29,META,0.05555555555555555
2024-03-29,MLM,0.05555555555555555
2024-03-29,NOW,0.05555555555555555
2024-03-29,NRG,0.05555555555555555
2024-03-29,NVDA,0.05555555555555555
2024-03-29,NWS,0.05555555555555555
2024-03-29,PHM,0.05555555555555555
2024-04-05,AMD,0.05555555555555555
2024-04-05,AVGO,0.05555555555555555
2024-04-05,BRO,0.05555555555555555
2024-04-05,CEG,0.05555555555555555
2024-04-05,COST,0.05555555555555555
2024-04-05,ETN,0.05555555555555555
2024-04-05,FICO,0.05555555555555555
2024-04-05,GE,0.05555555555555555
2024-04-05,HWM,0.05555555555555555
2024-04-05,KLAC,0.05555555555555555
2024-04-05,LLY,0.05555555555555555
2024-04-05,LRCX,0.05555555555555555
2024-04-05,META,0.05555555555555555
2024-04-05,MLM,0.05555555555555555
2024-04-05,NVDA,0.05555555555555555
2024-04-05,PCAR,0.05555555555555555
2024-04-05,PHM,0.05555555555555555
2024-04-05,VMC,0.05555555555555555
2024-04-12,AIG,0.05555555555555555
2024-04-12,BRO,0.05555555555555555
2024-04-12,CEG,0.05555555555555555
2024-04-12,COST,0.05555555555555555
2024-04-12,ETN,0.05555555555555555
2024-04-12,GE,0.05555555555555555
2024-04-12,IR,0.05555555555555555
2024-04-12,LLY,0.05555555555555555
2024-04-12,META,0.05555555555555555
2024-04-12,MLM,0.05555555555555555
2024-04-12,NRG,0.05555555555555555
2024-04-12,NVDA,0.05555555555555555
2024-04-12,PCAR,0.05555555555555555
2024-04-12,PH,0.05555555555555555
2024-04-12,PHM,0.05555555555555555
2024-04-12,RCL,0.05555555555555555
2024-04-12,TT,0.05555555555555555
2024-04-12,VMC,0.05555555555555555
2024-04-19,AIG,0.05263157894736842
2024-04-19,AVGO,0.05263157894736842
2024-04-19,CEG,0.05263157894736842
2024-04-19,ETN,0.05263157894736842
2024-04-19,FICO,0.05263157894736842
2024-04-19,GE,0.05263157894736842
2024-04-19,HIG,0.05263157894736842
2024-04-19,IR,0.05263157894736842
2024-04-19,LLY,0.05263157894736842
2024-04-19,META,0.05263157894736842
2024-04-19,MLM,0.05263157894736842
2024-04-19,NRG,0.05263157894736842
2024-04-19,NVDA,0.05263157894736842
2024-04-19,PCAR,0.05263157894736842
2024-04-19,PH,0.05263157894736842
2024-04-19,PHM,0.05263157894736842
2024-04-19,RCL,0.05263157894736842
2024-04-19,TT,0.05263157894736842
2024-04-19,VMC,0.05263157894736842
2024-04-26,AIG,0.05
2024-04-26,APH,0.05
2024-04-26,AVGO,0.05
2024-04-26,CEG,0.05
2024-04-26,CTAS,0.05
2024-04-26,ETN,0.05
2024-04-26,GE,0.05
2024-04-26,HIG,0.05
2024-04-26,IR,0.05
2024-04-26,L,0.05
2024-04-26,LLY,0.05
2024-04-26,META,0.05
2024-04-26,MLM,0.05
2024-04-26,NRG,0.05
2024-04-26,NVDA,0.05
2024-04-26,PCAR,0.05
2024-04-26,PHM,0.05
2024-04-26,PTC,0.05
2024-04-26,RCL,0.05
2024-04-26,RSG,0.05
2024-05-03,AIG,0.05555555555555555
2024-05-03,APH,0.05555555555555555
2024-05-03,AVGO,0.05555555555555555
2024-05-03,CEG,0.05555555555555555
2024-05-03,ETN,0.05555555555555555
2024-05-03,HIG,0.05555555555555555
2024-05-03,META,0.05555555555555555
2024-05-03,MPC,0.05555555555555555
2024-05-03,NOW,0.05555555555555555
2024-05-03,NRG,0.05555555555555555
2024-05-03,NVDA,0.05555555555555555
2024-05-03,PCAR,0.05555555555555555
2024-05-03,PH,0.05555555555555555
2024-05-03,PSX,0.05555555555555555
2024-05-03,TRGP,0.05555555555555555
2024-05-03,TT,0.05555555555555555
2024-05-03,URI,0.05555555555555555
2024-05-03,WAB,0.05555555555555555
2024-05-10,AIG,0.05555555555555555
2024-05-10,ANET,0.05555555555555555
2024-05-10,APH,0.05555555555555555
2024-05-10,AVGO,0.05555555555555555
2024-05-10,CEG,0.05555555555555555
2024-05-10,ETN,0.05555555555555555
2024-05-10,LDOS,0.05555555555555555
2024-05-10,META,0.05555555555555555
2024-05-10,MPC,0.05555555555555555
2024-05-10,MU,0.05555555555555555
2024-05-10,NRG,0.05555555555555555
2024-05-10,NVDA,0.05555555555555555
2024-05-10,PCAR,0.05555555555555555
2024-05-10,PH,0.05555555555555555
2024-05-10,TRGP,0.05555555555555555
2024-05-10,TT,0.05555555555555555
2024-05-10,WAB,0.05555555555555555
2024-05-10,WDC,0.05555555555555555
2024-05-17,AIG,0.0625
2024-05-17,APH,0.0625
2024-05-17,CEG,0.0625
2024-05-17,ETN,0.0625
2024-05-17,HIG,0.0625
2024-05-17,LDOS,0.0625
2024-05-17,META,0.0625
2024-05-17,NRG,0.0625
2024-05-17,NVDA,0.0625
2024-05-17,PCAR,0.0625
2024-05-17,PH,0.0625
2024-05-17,RSG,0.0625
2024-05-17,TRGP,0.0625
2024-05-17,TT,0.0625
2024-05-17,WAB,0.0625
2024-05-17,WRK,0.0625
2024-05-24,AIG,0.05555555555555555
2024-05-24,ALL,0.05555555555555555
2024-05-24,APH,0.05555555555555555
2024-05-24,CEG,0.05555555555555555
2024-05-24,COST,0.05555555555555555
2024-05-24,ETN,0.05555555555555555
2024-05-24,GD,0.05555555555555555
2024-05-24,HIG,0.05555555555555555
2024-05-24,IR,0.05555555555555555
2024-05-24,L,0.05555555555555555
2024-05-24,LDOS,0.05555555555555555
2024-05-24,NRG,0.05555555555555555
2024-05-24,PCAR,0.05555555555555555
2024-05-24,PH,0.05555555555555555
2024-05-24,RSG,0.05555555555555555
2024-05-24,TRGP,0.05555555555555555
2024-05-24,TT,0.05555555555555555
2024-05-24,WAB,0.05555555555555555
2024-05-31,AIG,0.058823529411764705
2024-05-31,ALL,0.058823529411764705
2024-05-31,APH,0.058823529411764705
2024-05-31,CEG,0.058823529411764705
2024-05-31,DPZ,0.058823529411764705
2024-05-31,ETN,0.058823529411764705
2024-05-31,GD,0.058823529411764705
2024-05-31,HIG,0.058823529411764705
2024-05-31,HWM,0.058823529411764705
2024-05-31,L,0.058823529411764705
2024-05-31,LDOS,0.058823529411764705
2024-05-31,NRG,0.058823529411764705
2024-05-31,TDG,0.058823529411764705
2024-05-31,TRGP,0.058823529411764705
2024-05-31,TT,0.058823529411764705
2024-05-31,WAB,0.058823529411764705
2024-05-31,WRK,0.058823529411764705
2024-06-07,AIG,0.05555555555555555
2024-06-07,ALL,0.05555555555555555
2024-06-07,APH,0.05555555555555555
2024-06-07,CEG,0.05555555555555555
2024-06-07,COST,0.05555555555555555
2024-06-07,DPZ,0.05555555555555555
2024-06-07,ETN,0.05555555555555555
2024-06-07,GD,0.05555555555555555
2024-06-07,HIG,0.05555555555555555
2024-06-07,HWM,0.05555555555555555
2024-06-07,LDOS,0.05555555555555555
2024-06-07,NRG,0.05555555555555555
2024-06-07,NVDA,0.05555555555555555
2024-06-07,PGR,0.05555555555555555
2024-06-07,RSG,0.05555555555555555
2024-06-07,TDG,0.05555555555555555
2024-06-07,TT,0.05555555555555555
2024-06-07,WAB,0.05555555555555555
2024-06-14,AIG,0.05263157894736842
2024-06-14,ALL,0.05263157894736842
2024-06-14,APH,0.05263157894736842
2024-06-14,CEG,0.05263157894736842
2024-06-14,COST,0.05263157894736842
2024-06-14,ETN,0.05263157894736842
2024-06-14,GD,0.05263157894736842
2024-06-14,HIG,0.05263157894736842
2024-06-14,HLT,0.05263157894736842
2024-06-14,HWM,0.05263157894736842
2024-06-14,LDOS,0.05263157894736842
2024-06-14,NRG,0.05263157894736842
2024-06-14,NVDA,0.05263157894736842
2024-06-14,PGR,0.05263157894736842
2024-06-14,RSG,0.05263157894736842
2024-06-14,TRGP,0.05263157894736842
2024-06-14,TT,0.05263157894736842
2024-06-14,WAB,0.05263157894736842
2024-06-14,WRK,0.05263157894736842
2024-06-21,AIG,0.058823529411764705
2024-06-21,ALL,0.058823529411764705
2024-06-21,APH,0.058823529411764705
2024-06-21,CEG,0.058823529411764705
2024-06-21,COST,0.058823529411764705
2024-06-21,ETN,0.058823529411764705
2024-06-21,GD,0.058823529411764705
2024-06-21,HIG,0.058823529411764705
2024-06-21,HWM,0.058823529411764705
2024-06-21,LDOS,0.058823529411764705
2024-06-21,NRG,0.058823529411764705
2024-06-21,NVDA,0.058823529411764705
2024-06-21,TRGP,0.058823529411764705
2024-06-21,TT,0.058823529411764705
2024-06-21,WAB,0.058823529411764705
2024-06-21,WDC,0.058823529411764705
2024-06-21,WRK,0.058823529411764705
2024-06-28,AIG,0.0625
2024-06-28,ALL,0.0625
2024-06-28,APH,0.0625
2024-06-28,CB,0.0625
2024-06-28,CEG,0.0625
2024-06-28,COST,0.0625
2024-06-28,ETN,0.0625
2024-06-28,GD,0.0625
2024-06-28,HIG,0.0625
2024-06-28,LDOS,0.0625
2024-06-28,NRG,0.0625
2024-06-28,NVDA,0.0625
2024-06-28,TT,0.0625
2024-06-28,WAB,0.0625
2024-06-28,WDC,0.0625
2024-06-28,WRK,0.0625
2024-07-05,ALL,0.0625
2024-07-05,APH,0.0625
2024-07-05,CEG,0.0625
2024-07-05,COST,0.0625
2024-07-05,GD,0.0625
2024-07-05,HIG,0.0625
2024-07-05,HWM,0.0625
2024-07-05,LDOS,0.0625
2024-07-05,LLY,0.0625
2024-07-05,MU,0.0625
2024-07-05,NRG,0.0625
2024-07-05,NVDA,0.0625
2024-07-05,PGR,0.0625
2024-07-05,TT,0.0625
2024-07-05,WDC,0.0625
2024-07-05,WRK,0.0625
2024-07-12,ALL,0.0625
2024-07-12,BSX,0.0625
2024-07-12,CB,0.0625
2024-07-12,CEG,0.0625
2024-07-12,CMG,0.0625
2024-07-12,COST,0.0625
2024-07-12,GD,0.0625
2024-07-12,HIG,0.0625
2024-07-12,LDOS,0.0625
2024-07-12,LLY,0.0625
2024-07-12,MCK,0.0625
2024-07-12,MU,0.0625
2024-07-12,NRG,0.0625
2024-07-12,PGR,0.0625
2024-07-12,TT,0.0625
2024-07-12,WDC,0.0625
2024-07-19,CEG,0.0625
2024-07-19,COST,0.0625
2024-07-19,GD,0.0625
2024-07-19,HIG,0.0625
2024-07-19,HLT,0.0625
2024-07-19,KLAC,0.0625
2024-07-19,LDOS,0.0625
2024-07-19,LLY,0.0625
2024-07-19,MCK,0.0625
2024-07-19,MU,0.0625
2024-07-19,NRG,0.0625
2024-07-19,PGR,0.0625
2024-07-19,REGN,0.0625
2024-07-19,TRGP,0.0625
2024-07-19,TT,0.0625
2024-07-19,WDC,0.0625
2024-07-26,ANET,0.0625
2024-07-26,BSX,0.0625
2024-07-26,CEG,0.0625
2024-07-26,COST,0.0625
2024-07-26,FICO,0.0625
2024-07-26,HIG,0.0625
2024-07-26,LDOS,0.0625
2024-07-26,LLY,0.0625
2024-07-26,MCK,0.0625
2024-07-26,NRG,0.0625
2024-07-26,PGR,0.0625
2024-07-26,REGN,0.0625
2024-07-26,RSG,0.0625
2024-07-26,TRGP,0.0625
2024-07-26,TT,0.0625
2024-07-26,WDC,0.0625
2024-08-02,ANET,0.06666666666666667
2024-08-02,BSX,0.06666666666666667
2024-08-02,CEG,0.06666666666666667
2024-08-02,COST,0.06666666666666667
2024-08-02,FICO,0.06666666666666667
2024-08-02,HIG,0.06666666666666667
2024-08-02,IRM,0.06666666666666667
2024-08-02,LDOS,0.06666666666666667
2024-08-02,LLY,0.06666666666666667
2024-08-02,NRG,0.06666666666666667
2024-08-02,PGR,0.06666666666666667
2024-08-02,RSG,0.06666666666666667
2024-08-02,TMUS,0.06666666666666667
2024-08-02,TRGP,0.06666666666666667
2024-08-02,TT,0.06666666666666667
2024-08-09,ALL,0.0625
2024-08-09,BSX,0.0625
2024-08-09,CEG,0.0625
2024-08-09,COST,0.0625
2024-08-09,CTAS,0.0625
2024-08-09,FICO,0.0625
2024-08-09,HIG,0.0625
2024-08-09,IRM,0.0625
2024-08-09,LDOS,0.0625
2024-08-09,LLY,0.0625
2024-08-09,NRG,0.0625
2024-08-09,NTAP,0.0625
2024-08-09,PGR,0.0625
2024-08-09,RSG,0.0625
2024-08-09,TRGP,0.0625
2024-08-09,TT,0.0625
2024-08-16,AIG,0.058823529411764705
2024-08-16,ALL,0.058823529411764705
2024-08-16,BK,0.058823529411764705
2024-08-16,COST,0.058823529411764705
2024-08-16,CTAS,0.058823529411764705
2024-08-16,FICO,0.058823529411764705
2024-08-16,GRMN,0.058823529411764705
2024-08-16,HIG,0.058823529411764705
2024-08-16,IRM,0.058823529411764705
2024-08-16,LDOS,0.058823529411764705
2024-08-16,NRG,0.058823529411764705
2024-08-16,PGR,0.058823529411764705
2024-08-16,RSG,0.058823529411764705
2024-08-16,TMUS,0.058823529411764705
2024-08-16,TRGP,0.058823529411764705
2024-08-16,TT,0.058823529411764705
2024-08-16,WM,0.058823529411764705
2024-08-23,ALL,0.0625
2024-08-23,BK,0.0625
2024-08-23,BSX,0.0625
2024-08-23,COST,0.0625
2024-08-23,CTAS,0.0625
2024-08-23,FICO,0.0625
2024-08-23,GRMN,0.0625
2024-08-23,HIG,0.0625
2024-08-23,HWM,0.0625
2024-08-23,IRM,0.0625
2024-08-23,LDOS,0.0625
2024-08-23,MCK,0.0625
2024-08-23,NRG,0.0625
2024-08-23,PGR,0.0625
2024-08-23,TRGP,0.0625
2024-08-23,TT,0.0625
2024-08-30,ALL,0.058823529411764705
2024-08-30,AXP,0.058823529411764705
2024-08-30,BK,0.058823529411764705
2024-08-30,CB,0.058823529411764705
2024-08-30,CL,0.058823529411764705
2024-08-30,COST,0.058823529411764705
2024-08-30,CTAS,0.058823529411764705
2024-08-30,HIG,0.058823529411764705
2024-08-30,HWM,0.058823529411764705
2024-08-30,IRM,0.058823529411764705
2024-08-30,MCK,0.058823529411764705
2024-08-30,NRG,0.058823529411764705
2024-08-30,PGR,0.058823529411764705
2024-08-30,RSG,0.058823529411764705
2024-08-30,TMUS,0.058823529411764705
2024-08-30,TRGP,0.058823529411764705
2024-08-30,TT,0.058823529411764705
2024-09-06,ALL,0.06666666666666667
2024-09-06,CL,0.06666666666666667
2024-09-06,COST,0.06666666666666667
2024-09-06,CTAS,0.06666666666666667
2024-09-06,FICO,0.06666666666666667
2024-09-06,HIG,0.06666666666666667
2024-09-06,HWM,0.06666666666666667
2024-09-06,IRM,0.06666666666666667
2024-09-06,LDOS,0.06666666666666667
2024-09-06,MSI,0.06666666666666667
2024-09-06,NRG,0.06666666666666667
2024-09-06,PGR,0.06666666666666667
2024-09-06,TMUS,0.06666666666666667
2024-09-06,TRGP,0.06666666666666667
2024-09-06,UHS,0.06666666666666667
2024-09-13,ALL,0.058823529411764705
2024-09-13,BK,0.058823529411764705
2024-09-13,BRO,0.058823529411764705
2024-09-13,CL,0.058823529411764705
2024-09-13,COST,0.058823529411764705
2024-09-13,FICO,0.058823529411764705
2024-09-13,HIG,0.058823529411764705
2024-09-13,HWM,0.058823529411764705
2024-09-13,IRM,0.058823529411764705
2024-09-13,LDOS,0.058823529411764705
2024-09-13,MSI,0.058823529411764705
2024-09-13,NRG,0.058823529411764705
2024-09-13,PGR,0.058823529411764705
2024-09-13,RTX,0.058823529411764705
2024-09-13,TRGP,0.058823529411764705
2024-09-13,TT,0.058823529411764705
2024-09-13,UHS,0.058823529411764705
2024-09-20,BK,0.058823529411764705
2024-09-20,BRO,0.058823529411764705
2024-09-20,CL,0.058823529411764705
2024-09-20,COST,0.058823529411764705
2024-09-20,CTAS,0.058823529411764705
2024-09-20,FICO,0.058823529411764705
2024-09-20,HIG,0.058823529411764705
2024-09-20,HWM,0.058823529411764705
2024-09-20,IRM,0.058823529411764705
2024-09-20,LDOS,0.058823529411764705
2024-09-20,MSI,0.058823529411764705
2024-09-20,NRG,0.058823529411764705
2024-09-20,PGR,0.058823529411764705
2024-09-20,RTX,0.058823529411764705
2024-09-20,TRGP,0.058823529411764705
2024-09-20,TT,0.058823529411764705
2024-09-20,UHS,0.058823529411764705
2024-09-27,ALL,0.05555555555555555
2024-09-27,BK,0.05555555555555555
2024-09-27,BRO,0.05555555555555555
2024-09-27,CL,0.05555555555555555
2024-09-27,COST,0.05555555555555555
2024-09-27,CTAS,0.05555555555555555
2024-09-27,FI,0.05555555555555555
2024-09-27,HIG,0.05555555555555555
2024-09-27,HWM,0.05555555555555555
2024-09-27,IRM,0.05555555555555555
2024-09-27,LDOS,0.05555555555555555
2024-09-27,MSI,0.05555555555555555
2024-09-27,NRG,0.05555555555555555
2024-09-27,PGR,0.05555555555555555
2024-09-27,RTX,0.05555555555555555
2024-09-27,TT,0.05555555555555555
2024-09-27,UHS,0.05555555555555555
2024-09-27,WELL,0.05555555555555555
2024-10-04,BK,0.0625
2024-10-04,BRO,0.0625
2024-10-04,BSX,0.0625
2024-10-04,CL,0.0625
2024-10-04,CTAS,0.0625
2024-10-04,FICO,0.0625
2024-10-04,HIG,0.0625
2024-10-04,HWM,0.0625
2024-10-04,IRM,0.0625
2024-10-04,LDOS,0.0625
2024-10-04,MSI,0.0625
2024-10-04,NRG,0.0625
2024-10-04,PGR,0.0625
2024-10-04,RTX,0.0625
2024-10-04,TRGP,0.0625
2024-10-04,UHS,0.0625
2024-10-11,BK,0.0625
2024-10-11,BSX,0.0625
2024-10-11,CL,0.0625
2024-10-11,COST,0.0625
2024-10-11,FI,0.0625
2024-10-11,FICO,0.0625
2024-10-11,HIG,0.0625
2024-10-11,HWM,0.0625
2024-10-11,IRM,0.0625
2024-10-11,LDOS,0.0625
2024-10-11,NFLX,0.0625
2024-10-11,NRG,0.0625
2024-10-11,PGR,0.0625
2024-10-11,RTX,0.0625
2024-10-11,UHS,0.0625
2024-10-11,WELL,0.0625
2024-10-18,AXP,0.05555555555555555
2024-10-18,BK,0.05555555555555555
2024-10-18,BRO,0.05555555555555555
2024-10-18,BSX,0.05555555555555555
2024-10-18,ECL,0.05555555555555555
2024-10-18,FI,0.05555555555555555
2024-10-18,FICO,0.05555555555555555
2024-10-18,HIG,0.05555555555555555
2024-10-18,HWM,0.05555555555555555
2024-10-18,IRM,0.05555555555555555
2024-10-18,LDOS,0.05555555555555555
2024-10-18,NRG,0.05555555555555555
2024-10-18,NVR,0.05555555555555555
2024-10-18,PHM,0.05555555555555555
2024-10-18,RCL,0.05555555555555555
2024-10-18,RTX,0.05555555555555555
2024-10-18,TT,0.05555555555555555
2024-10-18,WAB,0.05555555555555555
2024-10-25,AXP,0.05555555555555555
2024-10-25,BK,0.05555555555555555
2024-10-25,BRO,0.05555555555555555
2024-10-25,BSX,0.05555555555555555
2024-10-25,COST,0.05555555555555555
2024-10-25,ECL,0.05555555555555555
2024-10-25,FI,0.05555555555555555
2024-10-25,FICO,0.05555555555555555
2024-10-25,HIG,0.05555555555555555
2024-10-25,HWM,0.05555555555555555
2024-10-25,IRM,0.05555555555555555
2024-10-25,LDOS,0.05555555555555555
2024-10-25,MSI,0.05555555555555555
2024-10-25,NRG,0.05555555555555555
2024-10-25,NVR,0.05555555555555555
2024-10-25,RCL,0.05555555555555555
2024-10-25,TT,0.05555555555555555
2024-10-25,WAB,0.05555555555555555
2024-11-01,AXP,0.058823529411764705
2024-11-01,BK,0.058823529411764705
2024-11-01,BRO,0.058823529411764705
2024-11-01,BSX,0.058823529411764705
2024-11-01,EBAY,0.058823529411764705
2024-11-01,FI,0.058823529411764705
2024-11-01,FICO,0.058823529411764705
2024-11-01,HIG,0.058823529411764705
2024-11-01,HWM,0.058823529411764705
2024-11-01,IRM,0.058823529411764705
2024-11-01,MSI,0.058823529411764705
2024-11-01,NRG,0.058823529411764705
2024-11-01,NVR,0.058823529411764705
2024-11-01,RCL,0.058823529411764705
2024-11-01,TRGP,0.058823529411764705
2024-11-01,TT,0.058823529411764705
2024-11-01,WAB,0.058823529411764705
2024-11-08,AXP,0.058823529411764705
2024-11-08,BK,0.058823529411764705
2024-11-08,BSX,0.058823529411764705
2024-11-08,COST,0.058823529411764705
2024-11-08,EBAY,0.058823529411764705
2024-11-08,FI,0.058823529411764705
2024-11-08,FICO,0.058823529411764705
2024-11-08,HIG,0.058823529411764705
2024-11-08,HWM,0.058823529411764705
2024-11-08,IRM,0.058823529411764705
2024-11-08,ISRG,0.058823529411764705
2024-11-08,NRG,0.058823529411764705
2024-11-08,RCL,0.058823529411764705
2024-11-08,TMUS,0.058823529411764705
2024-11-08,TRGP,0.058823529411764705
2024-11-08,TT,0.058823529411764705
2024-11-08,WAB,0.058823529411764705
2024-11-15,AXP,0.05555555555555555
2024-11-15,BK,0.05555555555555555
2024-11-15,BRO,0.05555555555555555
2024-11-15,BSX,0.05555555555555555
2024-11-15,EBAY,0.05555555555555555
2024-11-15,FI,0.05555555555555555
2024-11-15,FICO,0.05555555555555555
2024-11-15,FIS,0.05555555555555555
2024-11-15,HIG,0.05555555555555555
2024-11-15,HWM,0.05555555555555555
2024-11-15,IRM,0.05555555555555555
2024-11-15,LDOS,0.05555555555555555
2024-11-15,RTX,0.05555555555555555
2024-11-15,SYF,0.05555555555555555
2024-11-15,TMUS,0.05555555555555555
2024-11-15,TRGP,0.05555555555555555
2024-11-15,TT,0.05555555555555555
2024-11-15,WAB,0.05555555555555555
2024-11-22,BK,0.058823529411764705
2024-11-22,BSX,0.058823529411764705
2024-11-22,FI,0.058823529411764705
2024-11-22,FICO,0.058823529411764705
2024-11-22,FIS,0.058823529411764705
2024-11-22,HIG,0.058823529411764705
2024-11-22,HWM,0.058823529411764705
2024-11-22,IRM,0.058823529411764705
2024-11-22,KMI,0.058823529411764705
2024-11-22,LDOS,0.058823529411764705
2024-11-22,NRG,0.058823529411764705
2024-11-22,RTX,0.058823529411764705
2024-11-22,TMUS,0.058823529411764705
2024-11-22,TRGP,0.058823529411764705
2024-11-22,TT,0.058823529411764705
2024-11-22,WAB,0.058823529411764705
2024-11-22,WELL,0.058823529411764705
2024-11-29,BK,0.0625
2024-11-29,BRO,0.0625
2024-11-29,BSX,0.0625
2024-11-29,FI,0.0625
2024-11-29,FICO,0.0625
2024-11-29,HWM,0.0625
2024-11-29,IRM,0.0625
2024-11-29,LDOS,0.0625
2024-11-29,NRG,0.0625
2024-11-29,RCL,0.0625
2024-11-29,RTX,0.0625
2024-11-29,TMUS,0.0625
2024-11-29,TRGP,0.0625
2024-11-29,TT,0.0625
2024-11-29,WAB,0.0625
2024-11-29,WELL,0.0625
2024-12-06,BK,0.058823529411764705
2024-12-06,BRO,0.058823529411764705
2024-12-06,BSX,0.058823529411764705
2024-12-06,FI,0.058823529411764705
2024-12-06,FICO,0.058823529411764705
2024-12-06,HWM,0.058823529411764705
2024-12-06,IRM,0.058823529411764705
2024-12-06,KMI,0.058823529411764705
2024-12-06,LDOS,0.058823529411764705
2024-12-06,NRG,0.058823529411764705
2024-12-06,OKE,0.058823529411764705
2024-12-06,TMUS,0.058823529411764705
2024-12-06,TRGP,0.058823529411764705
2024-12-06,TT,0.058823529411764705
2024-12-06,WAB,0.058823529411764705
2024-12-06,WELL,0.058823529411764705
2024-12-06,WMB,0.058823529411764705
2024-12-13,AXON,0.0625
2024-12-13,BK,0.0625
2024-12-13,BRO,0.0625
2024-12-13,BSX,0.0625
2024-12-13,FI,0.0625
2024-12-13,FICO,0.0625
2024-12-13,HWM,0.0625
2024-12-13,KMI,0.0625
2024-12-13,MSI,0.0625
2024-12-13,OKE,0.0625
2024-12-13,PGR,0.0625
2024-12-13,TMUS,0.0625
2024-12-13,TRGP,0.0625
2024-12-13,TT,0.0625
2024-12-13,WAB,0.0625
2024-12-13,WMB,0.0625
2024-12-20,AXON,0.0625
2024-12-20,BK,0.0625
2024-12-20,BRO,0.0625
2024-12-20,BSX,0.0625
2024-12-20,FI,0.0625
2024-12-20,FICO,0.0625
2024-12-20,HWM,0.0625
2024-12-20,KMI,0.0625
2024-12-20,MSI,0.0625
2024-12-20,OKE,0.0625
2024-12-20,PGR,0.0625
2024-12-20,TMUS,0.0625
2024-12-20,TRGP,0.0625
2024-12-20,TT,0.0625
2024-12-20,WELL,0.0625
2024-12-20,WMB,0.0625
2024-12-27,AXON,0.05555555555555555
2024-12-27,BK,0.05555555555555555
2024-12-27,BRO,0.05555555555555555
2024-12-27,BSX,0.05555555555555555
2024-12-27,CINF,0.05555555555555555
2024-12-27,FI,0.05555555555555555
2024-12-27,FICO,0.05555555555555555
2024-12-27,HWM,0.05555555555555555
2024-12-27,KMI,0.05555555555555555
2024-12-27,MSI,0.05555555555555555
2024-12-27,NRG,0.05555555555555555
2024-12-27,PGR,0.05555555555555555
2024-12-27,PKG,0.05555555555555555
2024-12-27,TMUS,0.05555555555555555
2024-12-27,TRGP,0.05555555555555555
2024-12-27,TT,0.05555555555555555
2024-12-27,WELL,0.05555555555555555
2024-12-27,WMB,0.05555555555555555
2025-01-03,AXON,0.0625
2025-01-03,BK,0.0625
2025-01-03,BRO,0.0625
2025-01-03,BSX,0.0625
2025-01-03,FICO,0.0625
2025-01-03,HWM,0.0625
2025-01-03,KMI,0.0625
2025-01-03,MSI,0.0625
2025-01-03,NFLX,0.0625
2025-01-03,NRG,0.0625
2025-01-03,RCL,0.0625
2025-01-03,TRGP,0.0625
2025-01-03,TT,0.0625
2025-01-03,UAL,0.0625
2025-01-03,WAB,0.0625
2025-01-03,WMB,0.0625
2025-01-10,AXON,0.06666666666666667
2025-01-10,BK,0.06666666666666667
2025-01-10,BSX,0.06666666666666667
2025-01-10,FI,0.06666666666666667
2025-01-10,FICO,0.06666666666666667
2025-01-10,HWM,0.06666666666666667
2025-01-10,KMI,0.06666666666666667
2025-01-10,MSI,0.06666666666666667
2025-01-10,NFLX,0.06666666666666667
2025-01-10,NRG,0.06666666666666667
2025-01-10,RCL,0.06666666666666667
2025-01-10,TRGP,0.06666666666666667
2025-01-10,TT,0.06666666666666667
2025-01-10,WAB,0.06666666666666667
2025-01-10,WMB,0.06666666666666667
2025-01-17,AXON,0.08280227975679658
2025-01-17,BK,0.08280227975679658
2025-01-17,BSX,0.08280227975679658
2025-01-17,FOX,0.08280227975679658
2025-01-17,HWM,0.08280227975679658
2025-01-17,KMI,0.08280227975679658
2025-01-17,MSI,0.08280227975679658
2025-01-17,NFLX,0.08280227975679658
2025-01-17,RCL,0.08280227975679658
2025-01-17,TRGP,0.08280227975679658
2025-01-17,UAL,0.08280227975679658
2025-01-17,WMB,0.08280227975679658
2025-01-24,AXON,0.07528258194762175
2025-01-24,BK,0.07528258194762175
2025-01-24,BSX,0.07528258194762175
2025-01-24,FI,0.07528258194762175
2025-01-24,FOX,0.07528258194762175
2025-01-24,HWM,0.07528258194762175
2025-01-24,KMI,0.07528258194762175
2025-01-24,MSI,0.07528258194762175
2025-01-24,NI,0.07528258194762175
2025-01-24,RCL,0.07528258194762175
2025-01-24,TRGP,0.07528258194762175
2025-01-24,UAL,0.07528258194762175
2025-01-24,WMB,0.07528258194762175
2025-01-31,AXON,0.08308214098551965
2025-01-31,BK,0.08308214098551965
2025-01-31,BSX,0.08308214098551965
2025-01-31,HWM,0.08308214098551965
2025-01-31,KMI,0.08308214098551965
2025-01-31,MSI,0.08308214098551965
2025-01-31,NI,0.08308214098551965
2025-01-31,RCL,0.08308214098551965
2025-01-31,TRGP,0.08308214098551965
2025-01-31,UAL,0.08308214098551965
2025-01-31,WELL,0.08308214098551965
2025-01-31,WMB,0.08308214098551965
2025-02-07,BK,0.08333333333333333
2025-02-07,BSX,0.08333333333333333
2025-02-07,FOX,0.08333333333333333
2025-02-07,FOXA,0.08333333333333333
2025-02-07,HWM,0.08333333333333333
2025-02-07,KMI,0.08333333333333333
2025-02-07,NI,0.08333333333333333
2025-02-07,NRG,0.08333333333333333
2025-02-07,RCL,0.08333333333333333
2025-02-07,TRGP,0.08333333333333333
2025-02-07,UAL,0.08333333333333333
2025-02-07,WMB,0.08333333333333333
2025-02-14,BK,0.07692307692307693
2025-02-14,BSX,0.07692307692307693
2025-02-14,FOX,0.07692307692307693
2025-02-14,FOXA,0.07692307692307693
2025-02-14,HWM,0.07692307692307693
2025-02-14,ISRG,0.07692307692307693
2025-02-14,KMI,0.07692307692307693
2025-02-14,NI,0.07692307692307693
2025-02-14,NRG,0.07692307692307693
2025-02-14,RCL,0.07692307692307693
2025-02-14,TRGP,0.07692307692307693
2025-02-14,UAL,0.07692307692307693
2025-02-14,WMB,0.07692307692307693
2025-02-21,AXON,0.07142857142857142
2025-02-21,BK,0.07142857142857142
2025-02-21,BSX,0.07142857142857142
2025-02-21,FOX,0.07142857142857142
2025-02-21,FOXA,0.07142857142857142
2025-02-21,GS,0.07142857142857142
2025-02-21,HWM,0.07142857142857142
2025-02-21,KMI,0.07142857142857142
2025-02-21,NI,0.07142857142857142
2025-02-21,NRG,0.07142857142857142
2025-02-21,RCL,0.07142857142857142
2025-02-21,TRGP,0.07142857142857142
2025-02-21,UAL,0.07142857142857142
2025-02-21,WMB,0.07142857142857142
2025-02-28,BK,0.07142857142857142
2025-02-28,BSX,0.07142857142857142
2025-02-28,FOX,0.07142857142857142
2025-02-28,FOXA,0.07142857142857142
2025-02-28,GS,0.07142857142857142
2025-02-28,HWM,0.07142857142857142
2025-02-28,KMI,0.07142857142857142
2025-02-28,NI,0.07142857142857142
2025-02-28,RCL,0.07142857142857142
2025-02-28,TRGP,0.07142857142857142
2025-02-28,UAL,0.07142857142857142
2025-02-28,WELL,0.07142857142857142
2025-02-28,WMB,0.07142857142857142
2025-02-28,WMT,0.07142857142857142
2025-03-07,BK,0.07030514181506123
2025-03-07,BSX,0.07030514181506123
2025-03-07,FI,0.07030514181506123
2025-03-07,FOX,0.07030514181506123
2025-03-07,FOXA,0.07030514181506123
2025-03-07,GS,0.07030514181506123
2025-03-07,MSI,0.07030514181506123
2025-03-07,NI,0.07030514181506123
2025-03-07,RCL,0.07030514181506123
2025-03-07,TRGP,0.07030514181506123
2025-03-07,UAL,0.07030514181506123
2025-03-07,WELL,0.07030514181506123
2025-03-07,WMB,0.07030514181506123
2025-03-07,WMT,0.07030514181506123
2025-03-14,BK,0.06653174321034798
2025-03-14,BSX,0.06653174321034798
2025-03-14,FOX,0.06653174321034798
2025-03-14,FOXA,0.06653174321034798
2025-03-14,GS,0.06653174321034798
2025-03-14,HWM,0.06653174321034798
2025-03-14,NI,0.06653174321034798
2025-03-14,RCL,0.06653174321034798
2025-03-14,T,0.06653174321034798
2025-03-14,TMUS,0.06653174321034798
2025-03-14,TRGP,0.06653174321034798
2025-03-14,UAL,0.06653174321034798
2025-03-14,WELL,0.06653174321034798
2025-03-14,WMT,0.06653174321034798
2025-03-21,BK,0.06632838240035557
2025-03-21,BSX,0.06632838240035557
2025-03-21,FOX,0.06632838240035557
2025-03-21,FOXA,0.06632838240035557
2025-03-21,HWM,0.06632838240035557
2025-03-21,NI,0.06632838240035557
2025-03-21,PM,0.06632838240035557
2025-03-21,T,0.06632838240035557
2025-03-21,TMUS,0.06632838240035557
2025-03-21,TRGP,0.06632838240035557
2025-03-21,VTR,0.06632838240035557
2025-03-21,WELL,0.06632838240035557
2025-03-21,WMB,0.06632838240035557
2025-03-21,WMT,0.06632838240035557
2025-03-28,BK,0.07239786414378045
2025-03-28,BSX,0.07239786414378045
2025-03-28,FOX,0.07239786414378045
2025-03-28,FOXA,0.07239786414378045
2025-03-28,HWM,0.07239786414378045
2025-03-28,NI,0.07239786414378045
2025-03-28,PM,0.07239786414378045
2025-03-28,T,0.07239786414378045
2025-03-28,TMUS,0.07239786414378045
2025-03-28,TRGP,0.07239786414378045
2025-03-28,VTR,0.07239786414378045
2025-03-28,WELL,0.07239786414378045
2025-03-28,WMT,0.07239786414378045
2025-04-04,BK,0.08474227213584752
2025-04-04,BSX,0.08474227213584752
2025-04-04,FOX,0.08474227213584752
2025-04-04,FOXA,0.08474227213584752
2025-04-04,GEV,0.08474227213584752
2025-04-04,PM,0.08474227213584752
2025-04-04,T,0.08474227213584752
2025-04-04,TMUS,0.08474227213584752
2025-04-04,VTR,0.08474227213584752
2025-04-04,WELL,0.08474227213584752
2025-04-04,WMT,0.08474227213584752
2025-04-11,FOX,0.11069025534570254
2025-04-11,FOXA,0.11069025534570254
2025-04-11,GEV,0.11069025534570254
2025-04-11,NI,0.11069025534570254
2025-04-11,PM,0.11069025534570254
2025-04-11,T,0.11069025534570254
2025-04-11,TMUS,0.11069025534570254
2025-04-11,WELL,0.11069025534570254
2025-04-18,BK,0.0910387910591846
2025-04-18,FOX,0.0910387910591846
2025-04-18,FOXA,0.0910387910591846
2025-04-18,GEV,0.0910387910591846
2025-04-18,HWM,0.0910387910591846
2025-04-18,NI,0.0910387910591846
2025-04-18,PM,0.0910387910591846
2025-04-18,T,0.0910387910591846
2025-04-18,VTR,0.0910387910591846
2025-04-18,WELL,0.0910387910591846
2025-04-25,BK,0.0894713020837001
2025-04-25,BRO,0.0894713020837001
2025-04-25,FOX,0.0894713020837001
2025-04-25,FOXA,0.0894713020837001
2025-04-25,HWM,0.0894713020837001
2025-04-25,NI,0.0894713020837001
2025-04-25,T,0.0894713020837001
2025-04-25,TMUS,0.0894713020837001
2025-04-25,VTR,0.0894713020837001
2025-04-25,WELL,0.0894713020837001
2025-05-02,BRO,0.11417453779060861
2025-05-02,FOX,0.11417453779060861
2025-05-02,FOXA,0.11417453779060861
2025-05-02,GILD,0.11417453779060861
2025-05-02,PM,0.11417453779060861
2025-05-02,T,0.11417453779060861
2025-05-02,TMUS,0.11417453779060861
2025-05-02,WELL,0.11417453779060861
2025-05-09,FOX,0.1522869035335732
2025-05-09,FOXA,0.1522869035335732
2025-05-09,T,0.1522869035335732
2025-05-09,TMUS,0.1522869035335732
2025-05-09,WELL,0.1522869035335732
2025-05-09,WMT,0.1522869035335732
2025-05-16,FOX,0.1273095103724301
2025-05-16,GEV,0.1273095103724301
2025-05-16,NI,0.1273095103724301
2025-05-16,PM,0.1273095103724301
2025-05-16,T,0.1273095103724301
2025-05-16,TMUS,0.1273095103724301
2025-05-16,WELL,0.1273095103724301
2025-05-23,ATO,0.12761278916492222
2025-05-23,GEV,0.12761278916492222
2025-05-23,NI,0.12761278916492222
2025-05-23,PM,0.12761278916492222
2025-05-23,T,0.12761278916492222
2025-05-23,TMUS,0.12761278916492222
2025-05-23,WELL,0.12761278916492222
2025-05-30,ATO,0.1162233289770971
2025-05-30,AXON,0.1162233289770971
2025-05-30,GEV,0.1162233289770971
2025-05-30,NI,0.1162233289770971
2025-05-30,PM,0.1162233289770971
2025-05-30,T,0.1162233289770971
2025-05-30,VRSN,0.1162233289770971
2025-05-30,WELL,0.1162233289770971
2025-06-06,AXON,0.1
2025-06-06,CME,0.1
2025-06-06,FFIV,0.1
2025-06-06,GEV,0.1
2025-06-06,HWM,0.1
2025-06-06,NFLX,0.1
2025-06-06,NI,0.1
2025-06-06,PM,0.1
2025-06-06,T,0.1
2025-06-06,VRSN,0.1
2025-06-13,AXON,0.08333333333333333
2025-06-13,BK,0.08333333333333333
2025-06-13,CME,0.08333333333333333
2025-06-13,FFIV,0.08333333333333333
2025-06-13,FOX,0.08333333333333333
2025-06-13,FOXA,0.08333333333333333
2025-06-13,GEV,0.08333333333333333
2025-06-13,HWM,0.08333333333333333
2025-06-13,PM,0.08333333333333333
2025-06-13,T,0.08333333333333333
2025-06-13,TPR,0.08333333333333333
2025-06-13,VRSN,0.08333333333333333
2025-06-20,AXON,0.09090909090909091
2025-06-20,BK,0.09090909090909091
2025-06-20,CME,0.09090909090909091
2025-06-20,FFIV,0.09090909090909091
2025-06-20,FOXA,0.09090909090909091
2025-06-20,GEV,0.09090909090909091
2025-06-20,HWM,0.09090909090909091
2025-06-20,PM,0.09090909090909091
2025-06-20,T,0.09090909090909091
2025-06-20,TPR,0.09090909090909091
2025-06-20,VRSN,0.09090909090909091
2025-06-27,AXON,0.09090909090909091
2025-06-27,BK,0.09090909090909091
2025-06-27,CAH,0.09090909090909091
2025-06-27,CME,0.09090909090909091
2025-06-27,FOX,0.09090909090909091
2025-06-27,FOXA,0.09090909090909091
2025-06-27,GEV,0.09090909090909091
2025-06-27,HWM,0.09090909090909091
2025-06-27,PM,0.09090909090909091
2025-06-27,T,0.09090909090909091
2025-06-27,WELL,0.09090909090909091
2025-07-04,AXON,0.09090909090909091
2025-07-04,CAH,0.09090909090909091
2025-07-04,CME,0.09090909090909091
2025-07-04,FFIV,0.09090909090909091
2025-07-04,GEV,0.09090909090909091
2025-07-04,HWM,0.09090909090909091
2025-07-04,NFLX,0.09090909090909091
2025-07-04,PM,0.09090909090909091
2025-07-04,T,0.09090909090909091
2025-07-04,TPR,0.09090909090909091
2025-07-04,VRSN,0.09090909090909091
2025-07-11,AXON,0.08333333333333333
2025-07-11,CAH,0.08333333333333333
2025-07-11,CME,0.08333333333333333
2025-07-11,FFIV,0.08333333333333333
2025-07-11,GEV,0.08333333333333333
2025-07-11,HWM,0.08333333333333333
2025-07-11,NFLX,0.08333333333333333
2025-07-11,PM,0.08333333333333333
2025-07-11,T,0.08333333333333333
2025-07-11,TPR,0.08333333333333333
2025-07-11,VRSN,0.08333333333333333
2025-07-11,WELL,0.08333333333333333
2025-07-18,AXON,0.09090909090909091
2025-07-18,CAH,0.09090909090909091
2025-07-18,GEV,0.09090909090909091
2025-07-18,HWM,0.09090909090909091
2025-07-18,NFLX,0.09090909090909091
2025-07-18,NRG,0.09090909090909091
2025-07-18,PM,0.09090909090909091
2025-07-18,T,0.09090909090909091
2025-07-18,TPR,0.09090909090909091
2025-07-18,VRSN,0.09090909090909091
2025-07-18,WELL,0.09090909090909091
2025-07-25,AXON,0.08333333333333333
2025-07-25,CAH,0.08333333333333333
2025-07-25,FFIV,0.08333333333333333
2025-07-25,GEV,0.08333333333333333
2025-07-25,HWM,0.08333333333333333
2025-07-25,NFLX,0.08333333333333333
2025-07-25,NRG,0.08333333333333333
2025-07-25,PM,0.08333333333333333
2025-07-25,T,0.08333333333333333
2025-07-25,TPR,0.08333333333333333
2025-07-25,VRSN,0.08333333333333333
2025-07-25,VST,0.08333333333333333
2025-08-01,AXON,0.06666666666666667
2025-08-01,CAH,0.06666666666666667
2025-08-01,CME,0.06666666666666667
2025-08-01,CRWD,0.06666666666666667
2025-08-01,GEV,0.06666666666666667
2025-08-01,HWM,0.06666666666666667
2025-08-01,JBL,0.06666666666666667
2025-08-01,NFLX,0.06666666666666667
2025-08-01,NRG,0.06666666666666667
2025-08-01,RCL,0.06666666666666667
2025-08-01,T,0.06666666666666667
2025-08-01,TPR,0.06666666666666667
2025-08-01,TTWO,0.06666666666666667
2025-08-01,VRSN,0.06666666666666667
2025-08-01,VST,0.06666666666666667
2025-08-08,BK,0.06666666666666667
2025-08-08,BKNG,0.06666666666666667
2025-08-08,CAH,0.06666666666666667
2025-08-08,CSCO,0.06666666666666667
2025-08-08,GEV,0.06666666666666667
2025-08-08,HWM,0.06666666666666667
2025-08-08,JBL,0.06666666666666667
2025-08-08,NFLX,0.06666666666666667
2025-08-08,RCL,0.06666666666666667
2025-08-08,T,0.06666666666666667
2025-08-08,TPR,0.06666666666666667
2025-08-08,TTWO,0.06666666666666667
2025-08-08,UAL,0.06666666666666667
2025-08-08,VRSN,0.06666666666666667
2025-08-08,VST,0.06666666666666667
2025-08-15,BK,0.07142857142857142
2025-08-15,CAH,0.07142857142857142
2025-08-15,CME,0.07142857142857142
2025-08-15,CNP,0.07142857142857142
2025-08-15,EQT,0.07142857142857142
2025-08-15,GEV,0.07142857142857142
2025-08-15,HWM,0.07142857142857142
2025-08-15,JBL,0.07142857142857142
2025-08-15,NFLX,0.07142857142857142
2025-08-15,RCL,0.07142857142857142
2025-08-15,T,0.07142857142857142
2025-08-15,TPR,0.07142857142857142
2025-08-15,TTWO,0.07142857142857142
2025-08-15,VRSN,0.07142857142857142
2025-08-22,BK,0.06666666666666667
2025-08-22,CNP,0.06666666666666667
2025-08-22,GEV,0.06666666666666667
2025-08-22,HWM,0.06666666666666667
2025-08-22,JBL,0.06666666666666667
2025-08-22,JCI,0.06666666666666667
2025-08-22,LYV,0.06666666666666667
2025-08-22,NFLX,0.06666666666666667
2025-08-22,NRG,0.06666666666666667
2025-08-22,RCL,0.06666666666666667
2025-08-22,T,0.06666666666666667
2025-08-22,TPR,0.06666666666666667
2025-08-22,UAL,0.06666666666666667
2025-08-22,VRSN,0.06666666666666667
2025-08-22,VST,0.06666666666666667
2025-08-29,AXON,0.07142857142857142
2025-08-29,BK,0.07142857142857142
2025-08-29,CNP,0.07142857142857142
2025-08-29,FFIV,0.07142857142857142
2025-08-29,GEV,0.07142857142857142
2025-08-29,HWM,0.07142857142857142
2025-08-29,JBL,0.07142857142857142
2025-08-29,NRG,0.07142857142857142
2025-08-29,RCL,0.07142857142857142
2025-08-29,RL,0.07142857142857142
2025-08-29,TPR,0.07142857142857142
2025-08-29,UAL,0.07142857142857142
2025-08-29,VRSN,0.07142857142857142
2025-08-29,VST,0.07142857142857142
2025-09-05,APH,0.07692307692307693
2025-09-05,AXON,0.07692307692307693
2025-09-05,BK,0.07692307692307693
2025-09-05,CNP,0.07692307692307693
2025-09-05,FFIV,0.07692307692307693
2025-09-05,GE,0.07692307692307693
2025-09-05,GEV,0.07692307692307693
2025-09-05,HWM,0.07692307692307693
2025-09-05,JBL,0.07692307692307693
2025-09-05,RCL,0.07692307692307693
2025-09-05,TPR,0.07692307692307693
2025-09-05,VRSN,0.07692307692307693
2025-09-05,VST,0.07692307692307693
2025-09-12,APH,0.06666666666666667
2025-09-12,BK,0.06666666666666667
2025-09-12,C,0.06666666666666667
2025-09-12,CNP,0.06666666666666667
2025-09-12,FFIV,0.06666666666666667
2025-09-12,GEV,0.06666666666666667
2025-09-12,HWM,0.06666666666666667
2025-09-12,JBL,0.06666666666666667
2025-09-12,LYV,0.06666666666666667
2025-09-12,NFLX,0.06666666666666667
2025-09-12,RCL,0.06666666666666667
2025-09-12,SCHW,0.06666666666666667
2025-09-12,TPR,0.06666666666666667
2025-09-12,VRSN,0.06666666666666667
2025-09-12,VST,0.06666666666666667
2025-09-19,APH,0.06666666666666667
2025-09-19,BK,0.06666666666666667
2025-09-19,CAH,0.06666666666666667
2025-09-19,CNP,0.06666666666666667
2025-09-19,GEV,0.06666666666666667
2025-09-19,HWM,0.06666666666666667
2025-09-19,JBL,0.06666666666666667
2025-09-19,LYV,0.06666666666666667
2025-09-19,MO,0.06666666666666667
2025-09-19,NFLX,0.06666666666666667
2025-09-19,RCL,0.06666666666666667
2025-09-19,T,0.06666666666666667
2025-09-19,TPR,0.06666666666666667
2025-09-19,TTWO,0.06666666666666667
2025-09-19,VRSN,0.06666666666666667
2025-09-26,APH,0.0625
2025-09-26,AXON,0.0625
2025-09-26,BK,0.0625
2025-09-26,CAH,0.0625
2025-09-26,FFIV,0.0625
2025-09-26,GEV,0.0625
2025-09-26,HWM,0.0625
2025-09-26,LYV,0.0625
2025-09-26,NFLX,0.0625
2025-09-26,PLTR,0.0625
2025-09-26,RCL,0.0625
2025-09-26,RTX,0.0625
2025-09-26,SCHW,0.0625
2025-09-26,TPR,0.0625
2025-09-26,TTWO,0.0625
2025-09-26,VRSN,0.0625
2025-10-03,APH,0.0625
2025-10-03,BK,0.0625
2025-10-03,CAH,0.0625
2025-10-03,GEV,0.0625
2025-10-03,GLW,0.0625
2025-10-03,HWM,0.0625
2025-10-03,JBL,0.0625
2025-10-03,JPM,0.0625
2025-10-03,MO,0.0625
2025-10-03,NFLX,0.0625
2025-10-03,PLTR,0.0625
2025-10-03,RCL,0.0625
2025-10-03,SCHW,0.0625
2025-10-03,TPR,0.0625
2025-10-03,TTWO,0.0625
2025-10-03,VRSN,0.0625
2025-10-10,APH,0.058823529411764705
2025-10-10,BK,0.058823529411764705
2025-10-10,FFIV,0.058823529411764705
2025-10-10,GEV,0.058823529411764705
2025-10-10,GLW,0.058823529411764705
2025-10-10,HWM,0.058823529411764705
2025-10-10,JBL,0.058823529411764705
2025-10-10,MO,0.058823529411764705
2025-10-10,NFLX,0.058823529411764705
2025-10-10,PLTR,0.058823529411764705
2025-10-10,RCL,0.058823529411764705
2025-10-10,T,0.058823529411764705
2025-10-10,TPR,0.058823529411764705
2025-10-10,TTWO,0.058823529411764705
2025-10-10,VRSN,0.058823529411764705
2025-10-10,WBD,0.058823529411764705
2025-10-10,WELL,0.058823529411764705
2025-10-17,APH,0.06666666666666667
2025-10-17,BK,0.06666666666666667
2025-10-17,C,0.06666666666666667
2025-10-17,FFIV,0.06666666666666667
2025-10-17,GEV,0.06666666666666667
2025-10-17,GLW,0.06666666666666667
2025-10-17,HWM,0.06666666666666667
2025-10-17,JBL,0.06666666666666667
2025-10-17,NFLX,0.06666666666666667
2025-10-17,NRG,0.06666666666666667
2025-10-17,PLTR,0.06666666666666667
2025-10-17,TPR,0.06666666666666667
2025-10-17,TTWO,0.06666666666666667
2025-10-17,VRSN,0.06666666666666667
2025-10-17,WBD,0.06666666666666667
2025-10-24,APH,0.06666666666666667
2025-10-24,AVGO,0.06666666666666667
2025-10-24,BK,0.06666666666666667
2025-10-24,C,0.06666666666666667
2025-10-24,FFIV,0.06666666666666667
2025-10-24,GE,0.06666666666666667
2025-10-24,GEV,0.06666666666666667
2025-10-24,GLW,0.06666666666666667
2025-10-24,HWM,0.06666666666666667
2025-10-24,PLTR,0.06666666666666667
2025-10-24,STX,0.06666666666666667
2025-10-24,TPR,0.06666666666666667
2025-10-24,TTWO,0.06666666666666667
2025-10-24,VRSN,0.06666666666666667
2025-10-24,WBD,0.06666666666666667
2025-10-31,APH,0.0625
2025-10-31,BK,0.0625
2025-10-31,CAH,0.0625
2025-10-31,GE,0.0625
2025-10-31,GEV,0.0625
2025-10-31,GLW,0.0625
2025-10-31,HWM,0.0625
2025-10-31,LRCX,0.0625
2025-10-31,NEM,0.0625
2025-10-31,PLTR,0.0625
2025-10-31,RTX,0.0625
2025-10-31,STX,0.0625
2025-10-31,TPR,0.0625
2025-10-31,TTWO,0.0625
2025-10-31,VRSN,0.0625
2025-10-31,WBD,0.0625
2025-11-07,APH,0.06666666666666667
2025-11-07,AVGO,0.06666666666666667
2025-11-07,BK,0.06666666666666667
2025-11-07,CNP,0.06666666666666667
2025-11-07,GE,0.06666666666666667
2025-11-07,GEV,0.06666666666666667
2025-11-07,GLW,0.06666666666666667
2025-11-07,HWM,0.06666666666666667
2025-11-07,LRCX,0.06666666666666667
2025-11-07,NEM,0.06666666666666667
2025-11-07,PLTR,0.06666666666666667
2025-11-07,RTX,0.06666666666666667
2025-11-07,STX,0.06666666666666667
2025-11-07,TPR,0.06666666666666667
2025-11-07,VRSN,0.06666666666666667
2025-11-14,APH,0.07142857142857142
2025-11-14,AVGO,0.07142857142857142
2025-11-14,BK,0.07142857142857142
2025-11-14,CNP,0.07142857142857142
2025-11-14,GE,0.07142857142857142
2025-11-14,GEV,0.07142857142857142
2025-11-14,GLW,0.07142857142857142
2025-11-14,HWM,0.07142857142857142
2025-11-14,LRCX,0.07142857142857142
2025-11-14,NEM,0.07142857142857142
2025-11-14,NRG,0.07142857142857142
2025-11-14,PLTR,0.07142857142857142
2025-11-14,STX,0.07142857142857142
2025-11-14,TPR,0.07142857142857142
2025-11-21,APH,0.0625
2025-11-21,AVGO,0.0625
2025-11-21,BK,0.0625
2025-11-21,GE,0.0625
2025-11-21,GEV,0.0625
2025-11-21,GLW,0.0625
2025-11-21,GOOGL,0.0625
2025-11-21,HWM,0.0625
2025-11-21,KLAC,0.0625
2025-11-21,LRCX,0.0625
2025-11-21,NEM,0.0625
2025-11-21,PLTR,0.0625
2025-11-21,RTX,0.0625
2025-11-21,STX,0.0625
2025-11-21,TEL,0.0625
2025-11-21,TPR,0.0625
2025-11-28,APH,0.07692307692307693
2025-11-28,AVGO,0.07692307692307693
2025-11-28,GE,0.07692307692307693
2025-11-28,GLW,0.07692307692307693
2025-11-28,GOOG,0.07692307692307693
2025-11-28,GOOGL,0.07692307692307693
2025-11-28,HWM,0.07692307692307693
2025-11-28,KLAC,0.07692307692307693
2025-11-28,LRCX,0.07692307692307693
2025-11-28,NEM,0.07692307692307693
2025-11-28,PLTR,0.07692307692307693
2025-11-28,STX,0.07692307692307693
2025-11-28,TPR,0.07692307692307693
2025-12-05,APH,0.08333333333333333
2025-12-05,CAH,0.08333333333333333
2025-12-05,COR,0.08333333333333333
2025-12-05,GE,0.08333333333333333
2025-12-05,GLW,0.08333333333333333
2025-12-05,HWM,0.08333333333333333
2025-12-05,KLAC,0.08333333333333333
2025-12-05,LRCX,0.08333333333333333
2025-12-05,MU,0.08333333333333333
2025-12-05,NEM,0.08333333333333333
2025-12-05,PLTR,0.08333333333333333
2025-12-05,STX,0.08333333333333333
2025-12-12,APH,0.06891479930608052
2025-12-12,CAH,0.06891479930608052
2025-12-12,COR,0.06891479930608052
2025-12-12,GE,0.06891479930608052
2025-12-12,GLW,0.06891479930608052
2025-12-12,HCA,0.06891479930608052
2025-12-12,HWM,0.06891479930608052
2025-12-12,LRCX,0.06891479930608052
2025-12-12,MCK,0.06891479930608052
2025-12-12,MU,0.06891479930608052
2025-12-12,NEM,0.06891479930608052
2025-12-12,RTX,0.06891479930608052
2025-12-12,STX,0.06891479930608052
2025-12-12,WELL,0.06891479930608052
2025-12-19,APH,0.08525667963001521
2025-12-19,CAH,0.08525667963001521
2025-12-19,COR,0.08525667963001521
2025-12-19,GE,0.08525667963001521
2025-12-19,HCA,0.08525667963001521
2025-12-19,HWM,0.08525667963001521
2025-12-19,MCK,0.08525667963001521
2025-12-19,NEM,0.08525667963001521
2025-12-19,RTX,0.08525667963001521
2025-12-19,STX,0.08525667963001521
2025-12-19,WELL,0.08525667963001521
2025-12-26,APH,0.06632421358189627
2025-12-26,CAH,0.06632421358189627
2025-12-26,COR,0.06632421358189627
2025-12-26,GE,0.06632421358189627
2025-12-26,HCA,0.06632421358189627
2025-12-26,HWM,0.06632421358189627
2025-12-26,JNJ,0.06632421358189627
2025-12-26,LRCX,0.06632421358189627
2025-12-26,MCK,0.06632421358189627
2025-12-26,MU,0.06632421358189627
2025-12-26,NEM,0.06632421358189627
2025-12-26,STX,0.06632421358189627
2025-12-26,WDC,0.06632421358189627
2025-12-26,WELL,0.06632421358189627
2026-01-02,APH,0.06389697022640023
2026-01-02,BK,0.06389697022640023
2026-01-02,CAH,0.06389697022640023
2026-01-02,GE,0.06389697022640023
2026-01-02,GLW,0.06389697022640023
2026-01-02,HCA,0.06389697022640023
2026-01-02,HWM,0.06389697022640023
2026-01-02,KLAC,0.06389697022640023
2026-01-02,LRCX,0.06389697022640023
2026-01-02,MU,0.06389697022640023
2026-01-02,NEM,0.06389697022640023
2026-01-02,STX,0.06389697022640023
2026-01-02,WDC,0.06389697022640023
2026-01-02,WELL,0.06389697022640023
2026-01-09,APH,0.05597762668972631
2026-01-09,BK,0.05597762668972631
2026-01-09,CAT,0.05597762668972631
2026-01-09,GE,0.05597762668972631
2026-01-09,GLW,0.05597762668972631
2026-01-09,HWM,0.05597762668972631
2026-01-09,JNJ,0.05597762668972631
2026-01-09,LRCX,0.05597762668972631
2026-01-09,MU,0.05597762668972631
2026-01-09,NEM,0.05597762668972631
2026-01-09,PLTR,0.05597762668972631
2026-01-09,RTX,0.05597762668972631
2026-01-09,STX,0.05597762668972631
2026-01-09,WBD,0.05597762668972631
2026-01-09,WDC,0.05597762668972631
2026-01-16,APH,0.05479865488218699
2026-01-16,DG,0.05479865488218699
2026-01-16,GE,0.05479865488218699
2026-01-16,HWM,0.05479865488218699
2026-01-16,LRCX,0.05479865488218699
2026-01-16,MNST,0.05479865488218699
2026-01-16,MU,0.05479865488218699
2026-01-16,NEM,0.05479865488218699
2026-01-16,PLTR,0.05479865488218699
2026-01-16,RTX,0.05479865488218699
2026-01-16,STX,0.05479865488218699
2026-01-16,WBD,0.05479865488218699
2026-01-16,WDC,0.05479865488218699
2026-01-16,WELL,0.05479865488218699
2026-01-23,APH,0.051276050182643154
2026-01-23,CAH,0.051276050182643154
2026-01-23,DG,0.051276050182643154
2026-01-23,GE,0.051276050182643154
2026-01-23,HII,0.051276050182643154
2026-01-23,HWM,0.051276050182643154
2026-01-23,JNJ,0.051276050182643154
2026-01-23,LRCX,0.051276050182643154
2026-01-23,MNST,0.051276050182643154
2026-01-23,MU,0.051276050182643154
2026-01-23,NEM,0.051276050182643154
2026-01-23,PLTR,0.051276050182643154
2026-01-23,STX,0.051276050182643154
2026-01-23,WBD,0.051276050182643154
2026-01-23,WDC,0.051276050182643154
2026-01-30,APH,0.05418975231208069
2026-01-30,CAH,0.05418975231208069
2026-01-30,DG,0.05418975231208069
2026-01-30,EA,0.05418975231208069
2026-01-30,HII,0.05418975231208069
2026-01-30,HWM,0.05418975231208069
2026-01-30,LHX,0.05418975231208069
2026-01-30,LRCX,0.05418975231208069
2026-01-30,MNST,0.05418975231208069
2026-01-30,MU,0.05418975231208069
2026-01-30,NEM,0.05418975231208069
2026-01-30,STX,0.05418975231208069
2026-01-30,WBD,0.05418975231208069
2026-01-30,WDC,0.05418975231208069
2026-02-06,APH,0.04413822723758517
2026-02-06,DG,0.04413822723758517
2026-02-06,GD,0.04413822723758517
2026-02-06,GM,0.04413822723758517
2026-02-06,GOOG,0.04413822723758517
2026-02-06,GOOGL,0.04413822723758517
2026-02-06,HII,0.04413822723758517
2026-02-06,LHX,0.04413822723758517
2026-02-06,LRCX,0.04413822723758517
2026-02-06,MNST,0.04413822723758517
2026-02-06,MU,0.04413822723758517
2026-02-06,NEM,0.04413822723758517
2026-02-06,STX,0.04413822723758517
2026-02-06,WBD,0.04413822723758517
2026-02-06,WDC,0.04413822723758517
2026-02-13,AMCR,0.041557362428021875
2026-02-13,APH,0.041557362428021875
2026-02-13,DG,0.041557362428021875
2026-02-13,GD,0.041557362428021875
2026-02-13,GOOG,0.041557362428021875
2026-02-13,GOOGL,0.041557362428021875
2026-02-13,HII,0.041557362428021875
2026-02-13,HWM,0.041557362428021875
2026-02-13,LHX,0.041557362428021875
2026-02-13,LRCX,0.041557362428021875
2026-02-13,MNST,0.041557362428021875
2026-02-13,MU,0.041557362428021875
2026-02-13,NEM,0.041557362428021875
2026-02-13,STX,0.041557362428021875
2026-02-13,WBD,0.041557362428021875
2026-02-13,WDC,0.041557362428021875
2026-02-20,AMCR,0.04551678295274748
2026-02-20,APH,0.04551678295274748
2026-02-20,CAT,0.04551678295274748
2026-02-20,GD,0.04551678295274748
2026-02-20,GOOG,0.04551678295274748
2026-02-20,GOOGL,0.04551678295274748
2026-02-20,HII,0.04551678295274748
2026-02-20,LHX,0.04551678295274748
2026-02-20,LRCX,0.04551678295274748
2026-02-20,MNST,0.04551678295274748
2026-02-20,MU,0.04551678295274748
2026-02-20,NEM,0.04551678295274748
2026-02-20,STX,0.04551678295274748
2026-02-20,ULTA,0.04551678295274748
2026-02-20,WBD,0.04551678295274748
2026-02-20,WDC,0.04551678295274748
2026-02-27,AMCR,0.0522672314939522
2026-02-27,APH,0.0522672314939522
2026-02-27,CAT,0.0522672314939522
2026-02-27,GEV,0.0522672314939522
2026-02-27,GLW,0.0522672314939522
2026-02-27,GOOG,0.0522672314939522
2026-02-27,GOOGL,0.0522672314939522
2026-02-27,HII,0.0522672314939522
2026-02-27,KLAC,0.0522672314939522
2026-02-27,LHX,0.0522672314939522
2026-02-27,LRCX,0.0522672314939522
2026-02-27,MU,0.0522672314939522
2026-02-27,NEM,0.0522672314939522
2026-02-27,STX,0.0522672314939522
2026-02-27,WDC,0.0522672314939522
2026-03-06,AMCR,0.041261879406976815
2026-03-06,APH,0.041261879406976815
2026-03-06,CAT,0.041261879406976815
2026-03-06,CHRW,0.041261879406976815
2026-03-06,GEV,0.041261879406976815
2026-03-06,GLW,0.041261879406976815
2026-03-06,GOOG,0.041261879406976815
2026-03-06,GOOGL,0.041261879406976815
2026-03-06,LHX,0.041261879406976815
2026-03-06,LRCX,0.041261879406976815
2026-03-06,MU,0.041261879406976815
2026-03-06,NEM,0.041261879406976815
2026-03-06,PWR,0.041261879406976815
2026-03-06,STX,0.041261879406976815
2026-03-06,TER,0.041261879406976815
2026-03-06,WDC,0.041261879406976815
2026-03-13,AMCR,0.043103261792586986
2026-03-13,APH,0.043103261792586986
2026-03-13,CAT,0.043103261792586986
2026-03-13,GEV,0.043103261792586986
2026-03-13,GLW,0.043103261792586986
2026-03-13,HII,0.043103261792586986
2026-03-13,HWM,0.043103261792586986
2026-03-13,LRCX,0.043103261792586986
2026-03-13,MU,0.043103261792586986
2026-03-13,NEM,0.043103261792586986
2026-03-13,PWR,0.043103261792586986
2026-03-13,STX,0.043103261792586986
2026-03-13,TER,0.043103261792586986
2026-03-13,ULTA,0.043103261792586986
2026-03-13,WBD,0.043103261792586986
2026-03-13,WDC,0.043103261792586986
2026-03-20,AMCR,0.04646450679104536
2026-03-20,APH,0.04646450679104536
2026-03-20,CAT,0.04646450679104536
2026-03-20,GEV,0.04646450679104536
2026-03-20,GLW,0.04646450679104536
2026-03-20,HII,0.04646450679104536
2026-03-20,LHX,0.04646450679104536
2026-03-20,LRCX,0.04646450679104536
2026-03-20,MU,0.04646450679104536
2026-03-20,NEM,0.04646450679104536
2026-03-20,PWR,0.04646450679104536
2026-03-20,STX,0.04646450679104536
2026-03-20,TER,0.04646450679104536
2026-03-20,ULTA,0.04646450679104536
2026-03-20,WDC,0.04646450679104536
2026-03-27,AMAT,0.04405663051722326
2026-03-27,AMCR,0.04405663051722326
2026-03-27,APH,0.04405663051722326
2026-03-27,CAT,0.04405663051722326
2026-03-27,GEV,0.04405663051722326
2026-03-27,GLW,0.04405663051722326
2026-03-27,GOOGL,0.04405663051722326
2026-03-27,HII,0.04405663051722326
2026-03-27,LHX,0.04405663051722326
2026-03-27,LRCX,0.04405663051722326
2026-03-27,MU,0.04405663051722326
2026-03-27,NEM,0.04405663051722326
2026-03-27,PWR,0.04405663051722326
2026-03-27,STX,0.04405663051722326
2026-03-27,TER,0.04405663051722326
2026-03-27,WDC,0.04405663051722326
2026-04-03,AMCR,0.05123691340581641
2026-04-03,CAT,0.05123691340581641
2026-04-03,GEV,0.05123691340581641
2026-04-03,GLW,0.05123691340581641
2026-04-03,GOOG,0.05123691340581641
2026-04-03,GOOGL,0.05123691340581641
2026-04-03,LHX,0.05123691340581641
2026-04-03,LRCX,0.05123691340581641
2026-04-03,MU,0.05123691340581641
2026-04-03,PWR,0.05123691340581641
2026-04-03,STX,0.05123691340581641
2026-04-03,TER,0.05123691340581641
2026-04-03,WBD,0.05123691340581641
2026-04-03,WDC,0.05123691340581641
2026-04-10,AMCR,0.05115801888966531
2026-04-10,CAT,0.05115801888966531
2026-04-10,GEV,0.05115801888966531
2026-04-10,GLW,0.05115801888966531
2026-04-10,GOOGL,0.05115801888966531
2026-04-10,LRCX,0.05115801888966531
2026-04-10,MU,0.05115801888966531
2026-04-10,PWR,0.05115801888966531
2026-04-10,STX,0.05115801888966531
2026-04-10,TER,0.05115801888966531
2026-04-10,WBD,0.05115801888966531
2026-04-10,WDC,0.05115801888966531
2026-04-17,AMCR,0.060232204830424255
2026-04-17,CAT,0.060232204830424255
2026-04-17,GEV,0.060232204830424255
2026-04-17,GLW,0.060232204830424255
2026-04-17,LRCX,0.060232204830424255
2026-04-17,MU,0.060232204830424255
2026-04-17,PWR,0.060232204830424255
2026-04-17,STX,0.060232204830424255
2026-04-17,TER,0.060232204830424255
2026-04-17,WBD,0.060232204830424255
2026-04-17,WDC,0.060232204830424255
2026-04-24,AMCR,0.05667848756858677
2026-04-24,CAT,0.05667848756858677
2026-04-24,GEV,0.05667848756858677
2026-04-24,GLW,0.05667848756858677
2026-04-24,LRCX,0.05667848756858677
2026-04-24,MU,0.05667848756858677
2026-04-24,PWR,0.05667848756858677
2026-04-24,STX,0.05667848756858677
2026-04-24,TER,0.05667848756858677
2026-04-24,WBD,0.05667848756858677
2026-04-24,WDC,0.05667848756858677
2026-05-01,AMCR,0.05745414598469231
2026-05-01,APA,0.05745414598469231
2026-05-01,CAT,0.05745414598469231
2026-05-01,GEV,0.05745414598469231
2026-05-01,GLW,0.05745414598469231
2026-05-01,LRCX,0.05745414598469231
2026-05-01,MU,0.05745414598469231
2026-05-01,STX,0.05745414598469231
2026-05-01,TER,0.05745414598469231
2026-05-01,WBD,0.05745414598469231
2026-05-01,WDC,0.05745414598469231
2026-05-08,AMCR,0.05304342302711384
2026-05-08,CAT,0.05304342302711384
2026-05-08,CMI,0.05304342302711384
2026-05-08,GEV,0.05304342302711384
2026-05-08,GLW,0.05304342302711384
2026-05-08,GOOG,0.05304342302711384
2026-05-08,GOOGL,0.05304342302711384
2026-05-08,LRCX,0.05304342302711384
2026-05-08,MU,0.05304342302711384
2026-05-08,STX,0.05304342302711384
2026-05-08,TER,0.05304342302711384
2026-05-08,WBD,0.05304342302711384
2026-05-08,WDC,0.05304342302711384
2026-05-15,ALB,0.05236104982213476
2026-05-15,AMCR,0.05236104982213476
2026-05-15,CAT,0.05236104982213476
2026-05-15,GLW,0.05236104982213476
2026-05-15,GOOG,0.05236104982213476
2026-05-15,GOOGL,0.05236104982213476
2026-05-15,INTC,0.05236104982213476
2026-05-15,LRCX,0.05236104982213476
2026-05-15,MU,0.05236104982213476
2026-05-15,STX,0.05236104982213476
2026-05-15,TER,0.05236104982213476
2026-05-15,WBD,0.05236104982213476
2026-05-15,WDC,0.05236104982213476
2026-05-22,ALB,0.050317444031133154
2026-05-22,AMCR,0.050317444031133154
2026-05-22,CAT,0.050317444031133154
2026-05-22,CMI,0.050317444031133154
2026-05-22,GEV,0.050317444031133154
2026-05-22,GLW,0.050317444031133154
2026-05-22,INTC,0.050317444031133154
2026-05-22,LRCX,0.050317444031133154
2026-05-22,MU,0.050317444031133154
2026-05-22,STX,0.050317444031133154
2026-05-22,TER,0.050317444031133154
2026-05-22,WBD,0.050317444031133154
2026-05-22,WDC,0.050317444031133154
2026-05-29,ALB,0.05037050132296313
2026-05-29,AMCR,0.05037050132296313
2026-05-29,CAT,0.05037050132296313
2026-05-29,CMI,0.05037050132296313
2026-05-29,GLW,0.05037050132296313
2026-05-29,GOOG,0.05037050132296313
2026-05-29,GOOGL,0.05037050132296313
2026-05-29,INTC,0.05037050132296313
2026-05-29,LRCX,0.05037050132296313
2026-05-29,MU,0.05037050132296313
2026-05-29,STX,0.05037050132296313
2026-05-29,TER,0.05037050132296313
2026-05-29,WDC,0.05037050132296313
2026-06-05,ALB,0.054264533790752
2026-06-05,AMCR,0.054264533790752
2026-06-05,CAT,0.054264533790752
2026-06-05,CMI,0.054264533790752
2026-06-05,GLW,0.054264533790752
2026-06-05,GOOG,0.054264533790752
2026-06-05,GOOGL,0.054264533790752
2026-06-05,INTC,0.054264533790752
2026-06-05,LRCX,0.054264533790752
2026-06-05,MU,0.054264533790752
2026-06-05,STX,0.054264533790752
2026-06-05,TER,0.054264533790752
2026-06-05,WDC,0.054264533790752
2026-06-12,AMCR,0.056005430566661324
2026-06-12,CAT,0.056005430566661324
2026-06-12,CMI,0.056005430566661324
2026-06-12,GLW,0.056005430566661324
2026-06-12,GOOG,0.056005430566661324
2026-06-12,GOOGL,0.056005430566661324
2026-06-12,INTC,0.056005430566661324
2026-06-12,LRCX,0.056005430566661324
2026-06-12,MU,0.056005430566661324
2026-06-12,STX,0.056005430566661324
2026-06-12,TER,0.056005430566661324
2026-06-12,WDC,0.056005430566661324
2026-06-19,AMAT,0.04747042694316378
2026-06-19,AMCR,0.04747042694316378
2026-06-19,AMD,0.04747042694316378
2026-06-19,CAT,0.04747042694316378
2026-06-19,CMI,0.04747042694316378
2026-06-19,GLW,0.04747042694316378
2026-06-19,GOOG,0.04747042694316378
2026-06-19,GOOGL,0.04747042694316378
2026-06-19,INTC,0.04747042694316378
2026-06-19,LRCX,0.04747042694316378
2026-06-19,MU,0.04747042694316378
2026-06-19,STX,0.04747042694316378
2026-06-19,TER,0.04747042694316378
2026-06-19,WDC,0.04747042694316378
