asset,periods_held,total_contribution,mean_per_period,sharpe
MU,110,0.07132404024568172,0.0006484003658698338,0.8118602400260516
GNW,70,0.0685946647053086,0.0009799237815044087,1.1194737277347329
NVDA,126,0.04784341134552321,0.0003797096138533588,0.5808709610995166
GE,80,0.039384671646536425,0.0004923083955817053,0.49921372096465816
ADBE,102,0.039164576276533344,0.00038396643408366026,0.9745459079939031
CTAS,117,0.03662973318012138,0.00031307464256514003,1.0186817419803975
WDC,83,0.03657948936089782,0.00044071673928792554,0.559451581230034
HWM,46,0.03334508645846296,0.0007248931838796295,1.751823285196756
INTU,92,0.03188806317401763,0.00034660938232627855,1.0274326250060402
GLW,87,0.03078108211074664,0.00035380554150283493,0.7664631376906204
LRCX,78,0.029491472095941936,0.00037809579610181967,0.5666663519025475
STX,62,0.02841941178113091,0.00045837760937307917,0.5552250876804966
PWR,96,0.028358747854990134,0.00029540362348948055,0.7472394841239212
FMCC,10,0.02737042977022313,0.002737042977022313,2.73868574792396
TGNA,40,0.027209204283384116,0.0006802301070846029,0.9943698981894288
DUK,63,0.026881297511874083,0.0004266872620932394,0.44496268913057824
ABKFQ,7,0.026285124230746693,0.0037550177472495277,3.541385043404282
AMAT,98,0.024942837441104735,0.00025451874939902793,0.5130959810898067
ALB,63,0.024199044199798094,0.00038411181269520787,0.6940274569155854
F,96,0.02341066492903146,0.00024386109301074437,0.4059058994736847
KLAC,81,0.02302018766017007,0.0002841998476564206,0.5864187984321102
TDC,67,0.022285890841191567,0.00033262523643569505,0.6695397208980619
PH,63,0.022263728543020177,0.0003533925165558758,0.9233478885684923
BK,88,0.022200489995612353,0.00025227829540468583,0.7030952029402238
MYL,73,0.022119980469667625,0.0003030134310913373,0.6384821601543212
CMI,78,0.02205606476912947,0.0002827700611426855,0.6864112436206118
STZ,81,0.021853636652182727,0.0002697979833602806,0.6460984473766814
HSP,61,0.021838269392777058,0.00035800441627503374,0.6584153475706056
INTC,58,0.021777520620268595,0.00037547449345290684,0.4968695790052248
VIAB,78,0.021601589204728582,0.00027694345134267415,0.5940425798288703
WYND,41,0.021482113522072886,0.0005239539883432411,1.1420406296137617
DISCA,59,0.021145345397994675,0.00035839568471177416,0.5240369539471549
CAH,109,0.021085607070304564,0.00019344593642481252,0.6035560829642116
KHC,60,0.021022276657376854,0.00035037127762294756,0.9884664301807446
CFC,8,0.020890365026684937,0.002611295628335617,2.7690231225157613
SBUX,115,0.02079809526834753,0.00018085300233345678,0.5305985265004803
LTD,29,0.020674244693638752,0.0007129049894358191,1.8068058365071222
SRCL,52,0.020388575646446864,0.00039208799320090124,1.2607795804676003
CMA,103,0.020342911140856304,0.00019750399165879907,0.4663751588184721
UNH,107,0.020036891792657795,0.00018726067095941863,0.5545813672130265
PVH,42,0.019795794876513676,0.0004713284494408018,0.7709233474919724
FRX,20,0.019593244059010823,0.0009796622029505412,1.1095524727913086
ESV,37,0.01942835509702809,0.0005250906782980565,0.8203947868750121
MA,102,0.019381191598546243,0.00019001168233868866,0.5612265461184763
GEV,14,0.018964290873656635,0.0013545922052611882,2.296470338471322
AMD,87,0.018847839664526227,0.0002166418352244394,0.26422196464541564
LM,46,0.01875753078090051,0.00040777240828044584,0.8458699294175862
AZO,115,0.018720792346993972,0.0001627894986695128,0.5477096818341428
FRC,20,0.018033055443092125,0.0009016527721546063,1.1407986936343926
MAT,66,0.017953358111770915,0.00027202057745107447,0.6227929474543275
AMP,84,0.017671638283359593,0.00021037664623047134,0.46568575806557866
BSX,106,0.017506328702215527,0.00016515404436052384,0.5043900367583657
SNDK,47,0.01741603965618678,0.0003705540352380166,0.492288213403328
MPWR,15,0.016852719769482143,0.0011235146512988095,1.0591084218051334
DG,78,0.01675493225030927,0.0002148068237219137,0.5013327058913151
CHK,59,0.016734379089490152,0.0002836335438896636,0.3490456541085409
NCRA,27,0.016637784756738955,0.0006162142502495909,1.6115656199468318
MMC,85,0.01659869396654609,0.00019527875254760107,0.6747136175943914
FTR,57,0.016595658848079366,0.0002911519096154275,0.6960574821474432
FIS,87,0.01657045221180873,0.00019046496795182449,0.4659732001549303
ENDP,11,0.01644632849867197,0.001495120772606543,1.8523845079138235
CPPRQ,37,0.016423425211227336,0.00044387635706019825,0.4631792272113751
EP,28,0.015899875883018222,0.0005678527101077936,0.8096680427849665
RSG,89,0.015888049390458972,0.00017851740888156147,0.8579533022047826
NCC,13,0.015750757858930015,0.001211596758379232,1.4748786958679325
MCK,101,0.015381611311149472,0.00015229318129850964,0.4199210148612245
ODP,22,0.015378200510065143,0.0006990091140938701,0.9005788356390158
DISH,24,0.015304198559938177,0.000637674939997424,1.0572727850127361
WBD,20,0.015246479031506192,0.0007623239515753096,0.7525988504038194
ECL,72,0.015240849043777571,0.00021167845894135516,0.9255612777589943
SHW,81,0.015106531407962054,0.00018650038775261794,0.6513856315383351
CAT,85,0.01483185096310357,0.0001744923642718067,0.45737315382778454
SPG,93,0.014819797979653057,0.00015935266644788234,0.4631078397679498
SNI,33,0.0148173982753785,0.0004490120689508636,1.0266033222897641
WFR,29,0.014740782117333255,0.0005083028316321812,0.7259142571989983
SCN,8,0.014556441484742836,0.0018195551855928545,1.6221251239966976
WELL,53,0.014219445367203992,0.00026829142202271683,0.8712161765642877
NOV,73,0.014200154752816491,0.00019452266784680125,0.31355234714129243
VISA,33,0.014071365071823064,0.0004264050021764565,1.592145744188682
MER,13,0.014052200561975436,0.0010809385047673412,2.7866422351088587
NEM,110,0.013948589249666984,0.0001268053568151544,0.21383161748951662
ALL,72,0.0139278130543292,0.00019344184797679445,0.544381099434336
META,24,0.013805130902402343,0.0005752137876000976,1.3117018562667735
GGP,20,0.013801018981840787,0.0006900509490920393,1.1521104214545905
AIV,53,0.013774974331562462,0.00025990517606721625,0.6510398690474847
NFLX,106,0.013691009261334526,0.000129160464729571,0.16440628707424515
NWL,81,0.01358536801790353,0.00016772059281362382,0.26708237487711756
MCHP,58,0.013402890861506457,0.00023108432519838718,0.48040025220416877
LLY,117,0.013398145316237283,0.00011451406253194259,0.3758546446685604
BFB,100,0.013385336306150342,0.00013385336306150344,0.4756295028455439
0R01,22,0.013383589790701245,0.0006083449904864202,1.1380044980113615
FNP,12,0.013330798870807452,0.001110899905900621,1.7939539050192088
AABA,27,0.013322374989088986,0.0004934212958921846,0.8411861481726075
FMC,89,0.01331116291398935,0.00014956362824707135,0.33872360221773995
ADSK,36,0.013277620731285019,0.0003688227980912505,0.8366971159225676
FITB,67,0.013235202507068207,0.00019754033592639115,0.38030598318142017
PCG,61,0.01290135450947269,0.00021149761490938835,0.5118569264577401
MTLQQ,6,0.012779034159210828,0.002129839026535138,4.823133548488159
GR,38,0.012763691851905895,0.0003358866276817341,0.728481941739179
ANET,48,0.01268511978245027,0.0002642733288010473,0.4466303219951455
BIIB,124,0.01268063319549444,0.00010226317093140677,0.22102765231653881
PPG,76,0.01260597226895207,0.00016586805617042197,0.48126875914591544
MAC,35,0.0124298029655133,0.0003551372275860943,1.0585435556194105
MBI,20,0.012322071431581713,0.0006161035715790857,0.43373262137338636
FOSL,20,0.012316590644363832,0.0006158295322181916,1.1225464453248966
CBS,60,0.01229657826922245,0.0002049429711537075,0.318111219745612
UA,47,0.012276510010112275,0.0002612023406406867,0.41436677292992896
HIG,88,0.012265340988323225,0.00013937887486730938,0.31659614831280997
S,31,0.012219807924177447,0.00039418735239282087,0.5967896492200482
JOY,32,0.012213990020209033,0.0003816871881315323,0.7223431332402734
ETN,74,0.012059996377940328,0.00016297292402622066,0.33593287377170616
CDNS,40,0.012035671581358572,0.0003008917895339643,1.1813630718853612
DEN,15,0.011953759302968705,0.0007969172868645803,1.5038632637819027
DF,38,0.011866800143821986,0.0003122842143111049,0.4384672355174983
MSI,71,0.011813118071108561,0.00016638194466350086,0.5394205745722509
NRG,86,0.011538630796131537,0.0001341701255364132,0.3052469266737722
AXON,20,0.0114849843494977,0.000574249217474885,0.6926290005128083
BRO,27,0.011475940154243748,0.0004250348205275462,1.2909301551635755
AIG*,46,0.011475040756235974,0.0002494574077442603,0.26582795685832306
EFX,60,0.011448921801374416,0.00019081536335624025,0.6722069974625577
RN7,35,0.011431037222097554,0.00032660106348850155,0.470531234822742
LB,54,0.01139789631414868,0.00021107215396571632,0.40561104213215093
ON,23,0.011298048133873834,0.0004912194840814711,0.6156240305415018
EXPE,78,0.011261584048320079,0.00014437928267077024,0.29604715443411533
HD,74,0.011163279630363794,0.00015085513014005127,0.6331280747161518
ABC,92,0.011040511070125594,0.00012000555511006081,0.3808564842782268
BRKB,68,0.010904764415533142,0.00016036418258136973,0.6366693756243542
HAS,73,0.010841720408213329,0.00014851671792073053,0.3619803396173352
RL,94,0.010840875625901067,0.0001153284641053305,0.297939951570598
WPI,34,0.010796862372382605,0.0003175547756583119,1.306405163063824
T,112,0.010622487242706383,9.48436360955927e-05,0.33139852710995255
GRMN,70,0.010604085527229426,0.00015148693610327751,0.4883574710977977
EQT,59,0.010566491359385087,0.00017909307388788283,0.35428610358497215
TT,51,0.010487293448881042,0.00020563320488002043,0.5034789249284727
COST,108,0.01048416115994702,9.707556629580574e-05,0.4129892791447711
QRVO,32,0.010481340395229376,0.000327541887350918,0.9592744670191675
BSC.1,6,0.010314466179513974,0.0017190776965856625,2.962101191288428
CPB,113,0.010262511517475639,9.081868599535964e-05,0.31753456866791907
TPR,52,0.01022533389822973,0.00019664103650441787,0.36799254678337345
GHC,40,0.01017815807461603,0.00025445395186540076,0.713526120483381
FHN,41,0.010079139503691239,0.00024583267082173754,0.38999688945611594
VFC,81,0.010051293240209605,0.0001240900400025877,0.3213882733991605
AVP,48,0.009985565735355362,0.00020803261948657004,0.35043112008621025
AMG,28,0.009979127584853779,0.0003563974137447778,0.7648738457901061
PHM,90,0.009948492972090533,0.00011053881080100592,0.14963781592546652
FCX,41,0.009921836542330982,0.00024199601322758493,0.44840457306941034
ZTS,70,0.00991438343314185,0.00014163404904488357,0.5226112682947307
CMS,96,0.00990134123726255,0.00010313897122148488,0.45470595530500496
HRL,111,0.009898024194403202,8.917138913876759e-05,0.3216537950301007
BA,91,0.009891439706300565,0.00010869713962967653,0.2284187792210342
HSY,112,0.00986583046715442,8.808777202816446e-05,0.3629064162179811
TXT,84,0.009801734731565844,0.00011668731823292671,0.2353380050257313
GWW,90,0.009681444637339354,0.00010757160708154838,0.297462684021875
DC7,28,0.00964110664533257,0.0003443252373333061,0.8836347521194247
TRGP,19,0.009603270274836859,0.0005054352776229926,1.1092172150370863
IT,32,0.00957430689172824,0.0002991970903665075,0.5642032621577874
DPS,53,0.009564953746870527,0.00018047082541265143,0.6248159234776715
CSC,43,0.009489772525657015,0.000220692384317605,0.39361426975127883
WDAY,6,0.009460515845008887,0.0015767526408348145,2.4619552956059385
IPGP,19,0.00945881758162814,0.0004978325042962179,0.9828419254310691
RHI,71,0.00944528180564603,0.00013303213810769056,0.3570200935874045
NOW,32,0.009412810798098657,0.00029415033744058304,0.5926744221571248
TLAB,28,0.009181736343110238,0.00032791915511107993,1.1711632356491013
PYPL,60,0.009145771455744599,0.00015242952426240997,0.3274821151923485
CLF,29,0.009085279904550615,0.0003132855139500212,0.2689930049821405
SIVB,21,0.008955428396822868,0.0004264489712772794,0.6817663804466856
GDDY,7,0.0086921455722901,0.0012417350817557286,2.0998400194877633
DTE,84,0.008664606309032739,0.0001031500751075326,0.47310102307168234
GS,84,0.008661790372014862,0.00010311655204779598,0.21750558864611888
TWX*,17,0.00858961678721918,0.0005052715757187753,1.5010560486239923
IR,58,0.008367933725573925,0.000144274719406447,0.32485671781414843
PXD,71,0.008338125828291472,0.00011743839194776721,0.24519405771011785
RIG,32,0.008275989779017782,0.0002586246805943057,0.31317445841984787
MMM,81,0.00823341670598879,0.00010164711982702211,0.32011851542573483
ISRG,107,0.008054742782551014,7.52779699303833e-05,0.15182645985579743
TYL,27,0.007920333001813142,0.00029334566673382004,0.878129372735699
BLL,79,0.007836479593398178,9.919594422023011e-05,0.3088483974327329
SNPS,44,0.007758370622008611,0.00017632660504565025,0.43748588488490764
TMUS,39,0.007703216240954568,0.00019751836515268122,0.630014757072966
VRSK,50,0.007685652099001672,0.00015371304198003345,0.6870036914570486
LW,39,0.007657607447066564,0.00019634890889914266,0.4427151140946535
SIAL,26,0.0076350660836815385,0.00029365638783390534,0.5190502385505209
TDG,44,0.007594407145842259,0.0001726001624055059,0.42842987251281794
LUMN,43,0.007545269099585455,0.00017547137440896405,0.38496600571693507
GPS,75,0.007454570402576427,9.939427203435235e-05,0.19080913649188885
ADT,16,0.007453095400170595,0.0004658184625106622,0.7046143841189223
PAYC,21,0.007418001674968548,0.00035323817499850226,0.5203247777616223
DTV,39,0.0073560952834493,0.00018861782778075128,0.6153371381231462
DWDP,7,0.007349957982578771,0.001049993997511253,1.8707956076979217
AN,41,0.0073456588666194495,0.0001791624113809622,0.34871236321329324
BTU,53,0.0072755592861799955,0.0001372747035128301,0.22219252190208386
DOFSQ,27,0.0072068411847012815,0.00026692004387782523,0.4453591680543645
PARA,17,0.007202928558708221,0.000423701679924013,1.1506629909222819
DYNIQ,9,0.007169943528756563,0.0007966603920840625,1.176541627505063
MPC,80,0.007072663854637541,8.840829818296927e-05,0.1943130876595519
WBA,63,0.006921660632390939,0.00010986762908557046,0.2336610092624365
WB,12,0.006911114984531192,0.0005759262487109326,0.5877739763383689
TEL,54,0.006897594331540284,0.0001277332283618571,0.2719265487785477
AMT,84,0.006802176003550165,8.097828575654959e-05,0.28214758716556665
RRC,49,0.006717521731280703,0.00013709228023021843,0.20820130815108012
AFL,55,0.006682290123250399,0.00012149618405909817,0.43527788368982984
BAC,74,0.0066482991783887386,8.984188078903701e-05,0.15848718575930307
FISV,99,0.006591209081778451,6.657786951291365e-05,0.2712793283786648
AVY,77,0.006572241731792927,8.535378872458347e-05,0.24276303442749214
COTY,16,0.0065351143295708895,0.0004084446455981806,0.4857774845675121
BLK,45,0.0065211124143822775,0.00014491360920849505,0.3819623400874238
ACN,48,0.0064721332431539064,0.00013483610923237306,0.42479748969690384
NTAP,105,0.0064690771182752925,6.16102582692885e-05,0.12435339795437163
BC,7,0.006353648687309819,0.000907664098187117,1.8047728967105727
NOC,68,0.0063172794689437435,9.29011686609374e-05,0.3857824622247371
MS,88,0.006243041891539481,7.094365785840318e-05,0.14001603531760337
OMX,7,0.006216268364857346,0.0008880383378367637,0.9118286916538707
TFX,28,0.006171671626250953,0.0002204168437946769,0.5559970570767283
CMCSA,81,0.006135489123660886,7.574677930445539e-05,0.19597544035437342
DV,19,0.006134810517458518,0.0003228847640767641,0.45151363034627606
CME,66,0.0061276211273098725,9.284274435317989e-05,0.42704827851843336
CXO,17,0.006115138459188846,0.0003597140270111086,0.808529095178205
EL,91,0.006067900926619845,6.668022996285544e-05,0.12810842929254487
ETSY,18,0.005997629796304709,0.0003332016553502616,0.492314446075738
ENPH,31,0.005969272477284583,0.00019255717668659945,0.23603230838768013
PCP,33,0.005940799531791147,0.00018002422823609537,0.440454464840691
GOOG,64,0.005920230722759134,9.250360504311147e-05,0.2519085846577629
SIG,13,0.005860023004247153,0.00045077100032670403,0.7624584964589064
PEAK,42,0.0058318314322950565,0.0001388531293403585,0.3386018631853079
NUE,66,0.005818676891083436,8.816177107702176e-05,0.1713893198981022
CITGQ,8,0.005790550038735862,0.0007238187548419827,0.9015800314459594
XEC,26,0.005776500298440056,0.0002221730884015406,0.36921046325039303
QWST,22,0.0057448459203022885,0.00026112936001374036,0.924730014148277
ORLY,116,0.005712271831820749,4.9243722688109906e-05,0.11110238814595891
AJG,57,0.00570562630711969,0.0001000987071424507,0.44072873152546804
ROP,62,0.00556091201780357,8.969212931941242e-05,0.2766778938642198
TXN,66,0.005546394354785588,8.403627810281193e-05,0.3177114380752186
AON,85,0.005542725710518555,6.520853777080653e-05,0.20828638540159156
POOL,18,0.0055296031611531404,0.00030720017561961893,0.6580392856260129
APTV,41,0.005512714019614391,0.00013445643950279,0.31523548279509733
TJX,118,0.005446654052866344,4.615808519378257e-05,0.17578826919293097
ERIE,9,0.005419534651970229,0.000602170516885581,3.9529789658666252
AYI,6,0.0053888808777635515,0.0008981468129605919,3.105912882622632
ARE,41,0.005367584144670319,0.00013091668645537363,0.24616518669506227
KBH,8,0.005349875958727131,0.0006687344948408914,0.6450585489761659
ES,74,0.005324203739819369,7.194869918674824e-05,0.2961439097091388
URI,44,0.005267651555047612,0.00011971935352380936,0.21461415864129138
CCE,41,0.0052622049372396985,0.00012834646188389508,0.29687837970949754
CFN,16,0.005261030899761816,0.0003288144312351135,0.4787229800029319
NVR,22,0.0051828246714578936,0.00023558293961172243,0.6127002721737965
CSX,99,0.005133548705270846,5.1854027325968144e-05,0.12651155809187825
AAPL*,63,0.00512445978766212,8.134063155019238e-05,0.18338175587999264
JBHT,35,0.0050285327664950025,0.00014367236475700007,0.37574613277253477
BKNG,34,0.005008519146972339,0.00014730938667565702,0.4456527231889468
NYT,17,0.004957511477539703,0.0002916183222082178,0.5116304910621344
PGR,91,0.00494607386651045,5.435246007154341e-05,0.19603223203211545
STLD,7,0.00484816547514351,0.0006925950678776443,1.3857003511012107
WYNN,86,0.004845245730864499,5.634006663795929e-05,0.09119388000115197
SRE,86,0.004827300251508534,5.6131398273355046e-05,0.2331585123084437
TWTR,14,0.004822522749233296,0.00034446591065952117,0.5637449944311655
WEC,94,0.004816815651981499,5.124271970193084e-05,0.25275476532703073
RTN,21,0.004779154008272798,0.00022757876229870466,0.8127326596259226
GPN,47,0.004727018130660467,0.00010057485384383972,0.2528719307005796
JNY,7,0.00471685272994742,0.0006738361042782029,1.3109602913828704
MPN,9,0.004552025773496037,0.0005057806414995596,0.825705806010638
MSCI,30,0.00441225724511986,0.00014707524150399533,0.7060650049017911
ADI,38,0.004364663448798156,0.00011485956444205674,0.31502735563231143
SOV,10,0.0043603210517917735,0.00043603210517917737,0.5780200725791227
NVLS,20,0.004271817301214138,0.00021359086506070687,0.4563751924520083
LNT,38,0.004256225433035421,0.00011200593244830055,0.5929588384168017
PCLN,31,0.0042537656639109805,0.00013721824722293485,0.20665989277287222
SLB,77,0.004225016776298541,5.487034774413689e-05,0.11322703598114406
MO,87,0.004205838791293959,4.8342974612574244e-05,0.18603632411508045
AEC1,22,0.004192113528046385,0.00019055061491119932,0.24455277427387706
DOV,56,0.004188485310911743,7.479438055199541e-05,0.20238418504935335
BR,17,0.004186687068879809,0.0002462757099341064,0.8419988242443536
HCP,27,0.004132710256634537,0.0001530633428383162,0.5377734579854649
CBOE,49,0.004112282013919373,8.392412273304842e-05,0.3127034926991911
DELL,24,0.004100158627391649,0.00017083994280798535,0.2527901769954549
WM,68,0.0040929772309431945,6.019084163151757e-05,0.2550604841619158
NTH,23,0.004033180255387679,0.00017535566327772517,0.49121894920683523
AVGO,74,0.004019397890660982,5.4316187711634884e-05,0.0961965257434943
DIS,69,0.003971578741909815,5.755911220159152e-05,0.14995006919746573
PANW,9,0.003952500689329518,0.00043916674325883534,0.821690836132244
COV,12,0.003948714981014387,0.0003290595817511989,0.8693247231403786
PKG,29,0.003902859800407842,0.0001345813724278566,0.37121342437549404
ADP,60,0.003899773158091913,6.499621930153188e-05,0.21896452236586234
PBI,72,0.0038914580768546936,5.404802884520408e-05,0.12368344895285555
CLX,90,0.0038586952922990336,4.287439213665593e-05,0.1767178656067782
CHTR,52,0.003846542219505928,7.397196575972938e-05,0.16728024132731667
NXPI,7,0.003820809633450028,0.0005458299476357183,0.8919530597471789
SLE,15,0.0037751477765792982,0.0002516765184386199,1.0037746457239791
DDS,6,0.003762560080892769,0.0006270933468154614,1.1144364708255055
MHK,47,0.0037568010969715984,7.993193823343827e-05,0.20317405086646378
NDAQ,84,0.0036661291253693657,4.364439434963531e-05,0.16041169892911428
ED,88,0.0036551739658810525,4.153606779410287e-05,0.17787972729374704
MNST,70,0.0036146124734786457,5.163732104969494e-05,0.1296576211531736
MKTX,33,0.0035647764068748875,0.0001080235274810572,0.29281996107654934
DXC,28,0.0035191652728639774,0.00012568447403085633,0.20904393875627844
HCBK,44,0.003514257377603184,7.986948585461783e-05,0.16736403583948806
MCO,73,0.003503678704618968,4.799559869341052e-05,0.11642507850295492
JBL,43,0.0034799189887407683,8.09283485753667e-05,0.1404479843498897
GD,94,0.0034764772516291034,3.698380054924578e-05,0.1323703999323259
KSU,30,0.0034559553062787005,0.00011519851020929001,0.3329892144719167
RTX,30,0.0034387185133826327,0.00011462395044608776,0.41141469101568484
FANG,39,0.0033949497916529897,8.704999465776896e-05,0.16245846109588216
FDS,12,0.003392689044357451,0.00028272408702978755,0.6488312676494016
JEC,6,0.0033804055188053016,0.0005634009198008836,1.2846069165905363
COH,53,0.0033732304658171787,6.364585784560715e-05,0.12602488771560252
LIN,23,0.0033473855160032952,0.00014553850069579544,0.7262931964372685
BBBY,55,0.003345144887093942,6.0820816128980766e-05,0.17684410233815204
CBE,6,0.0032917100263315565,0.0005486183377219261,1.4774129669003577
CNP,88,0.003281309534677042,3.7287608348602746e-05,0.1492995498059101
VTRS,13,0.0032734548739163493,0.0002518042210704884,0.4529097625744796
QLG,16,0.0032727105277893785,0.00020454440798683615,0.36456668133095443
VNO,62,0.0032702043918119627,5.27452321259994e-05,0.15783917863755373
MAA,53,0.003219003476165552,6.0735914644633056e-05,0.23555873153774118
UAA,25,0.003173619211441116,0.00012694476845764464,0.21269569087305998
LVS,31,0.0031657136340399058,0.00010211979464644857,0.20790340986274977
EQR,115,0.0031623661157728867,2.749883578932945e-05,0.08574178429929154
LLL,41,0.0031447870790782878,7.670212387995824e-05,0.26108770028263306
JWN,50,0.003057714367366992,6.115428734733984e-05,0.12455416002865866
GIS,125,0.003043936302816294,2.435149042253035e-05,0.10217417909018676
OI,43,0.0030325924954205117,7.052540687024445e-05,0.0946334430691246
UNM,34,0.002949552995251911,8.675155868387974e-05,0.19844568861055292
MAR,78,0.0029453984579246814,3.776151869134207e-05,0.08430133531234492
MHFI,43,0.002934441938271416,6.824283577375386e-05,0.209770413369614
MGM,23,0.0029243882734344587,0.00012714731623628082,0.23746861524780633
OGN,7,0.002902680016630658,0.00041466857380437975,0.6716908557770729
ROH,9,0.0028292810415129948,0.00031436456016811055,0.49561005410166054
TWC,7,0.002789100773658254,0.00039844296766546484,2.3035133186221177
NEE,92,0.002770228717094189,3.0111181707545535e-05,0.12942517495808506
UPS,44,0.0027630582316634095,6.279677799235022e-05,0.19358909373371877
L,64,0.0027197195355248283,4.249561774257544e-05,0.24566339678759735
TMK,64,0.0026991800292984172,4.217468795778777e-05,0.14323063779464257
CSCO,79,0.0026777317211221403,3.389533824205241e-05,0.08362885304394821
BG,16,0.0026149838172523253,0.00016343648857827033,0.5519714911903872
HBI,30,0.0024427672953039993,8.14255765101333e-05,0.1953762567218508
HOT,26,0.00231496384567329,8.903707098743423e-05,0.12275512585661001
ATO,39,0.002287964118929529,5.866574663921869e-05,0.245760268462272
SVU,28,0.0022823628452129604,8.151295875760572e-05,0.1099852470224705
FOXA,54,0.0022609303613622773,4.18690807659681e-05,0.11390936136323358
ODFL,35,0.002239947182797071,6.399849093705917e-05,0.13312105920387396
BWA,71,0.002230828626302283,3.142012149721525e-05,0.06671095205185469
WYE,9,0.0022236334966735365,0.00024707038851928186,1.6339784956668202
UIS,8,0.0021880781192905327,0.0002735097649113166,0.5938272875179256
DOC,8,0.002149217896426093,0.0002686522370532616,0.6873952234512566
IBM,91,0.0021381425767753198,2.349607227225626e-05,0.07769822232671879
EW,82,0.002107527670183424,2.570155695345639e-05,0.06469246275748997
LLTC,15,0.002099752690014869,0.00013998351266765794,0.8317488818469365
M,72,0.0020780835438199553,2.8862271441943825e-05,0.05466495435801085
LNC,58,0.0020450640021245038,3.525972417456041e-05,0.06179475680661604
MTZ,28,0.002035228694305685,7.268673908234589e-05,0.18516394011677362
INVH,11,0.002034988459543293,0.0001849989508675721,0.721545814575201
BIG,20,0.0020189257327424674,0.00010094628663712337,0.194469580716186
MOT,13,0.0020115454100853793,0.00015473426231425995,0.261588102785266
CSGP,9,0.001968945180189028,0.00021877168668766976,0.5346119984524043
TTWO,40,0.001955388595647095,4.888471489117738e-05,0.15087949131399012
WWY,7,0.0019473165110043486,0.00027818807300062124,2.2629269164467867
LOM,42,0.0019185810853178961,4.568050203137848e-05,0.1663114379393718
UUM,22,0.0018529172684773791,8.422351220351724e-05,0.20528459680598043
KMB,81,0.001813609510805907,2.2390240874147e-05,0.10982331162764945
PNR,66,0.0017175154266079215,2.6022961009210932e-05,0.07244483277099505
MXIM,9,0.0017169917962066264,0.0001907768662451807,1.366263485826935
XL,43,0.0016893977636293113,3.928832008440259e-05,0.07053259292440872
CCI,52,0.0016664079970698303,3.204630763595828e-05,0.09015560114896448
PRGO,47,0.0016637849094320717,3.539967892408663e-05,0.07245931208236904
AXP,56,0.0016328758713780628,2.9158497703179692e-05,0.0963896199227687
KR,111,0.0016064567476330334,1.447258331200931e-05,0.040142735328758214
FOX,49,0.001595072396065361,3.255249787888492e-05,0.08720512349814054
NI,104,0.0015647335401734956,1.5045514809360534e-05,0.054884425782195635
XEL,88,0.0015453799977409757,1.7561136337965633e-05,0.09108088282314442
PSA,88,0.001534105146692253,1.7433013030593783e-05,0.052394380533045674
BBT,9,0.0015162675394477826,0.00016847417104975363,0.920206285473817
EG,11,0.001512647672211013,0.00013751342474645572,0.4231803830049085
TWX,16,0.0014871241798016703,9.29452612376044e-05,0.42069869002636145
SWKS,51,0.0014741822847175762,2.890553499446228e-05,0.07555073934502414
FICO,18,0.0014558213657340272,8.087896476300151e-05,0.1611952753711294
IQV,24,0.0014520490189678693,6.0502042456994556e-05,0.14614888438593235
COR,11,0.0014494345485199314,0.00013176677713817557,0.34023928047476626
ROK,60,0.0013931318887225768,2.3218864812042945e-05,0.052429468424510385
KMI,72,0.0013780195392482115,1.9139160267336272e-05,0.055583421705038515
APH,88,0.0013709556921687287,1.5579041956462824e-05,0.027325209731725846
BHF,7,0.0013040602358701642,0.00018629431941002346,0.2140548788297166
RAI,56,0.0012986298562754992,2.3189818862062485e-05,0.0779667626457685
EVRG,43,0.0012451774756016495,2.8957615711666267e-05,0.1284079125789862
HRS,41,0.0012221834642489357,2.9809352786559408e-05,0.07617604736466523
PBCT,45,0.0011965621613802802,2.6590270252895117e-05,0.0714179107598612
KSS,70,0.0011571426771720284,1.653060967388612e-05,0.03931991164708638
TDY,7,0.0011014288705799905,0.00015734698151142722,0.41263788128132395
DE,66,0.001092350881448538,1.6550770931038455e-05,0.03329155702488813
WAB,26,0.0010909101098698114,4.1958081148838904e-05,0.11445546825721897
AMZN,109,0.001046581551113451,9.601665606545422e-06,0.022360828512220318
PODD,13,0.001003537540220758,7.719519540159677e-05,0.1407233902268679
AOS,33,0.0009979339637175438,3.0240423142955874e-05,0.09833819605077361
ALD,25,0.0009771418336900792,3.908567334760317e-05,0.1216943079928518
EQ,8,0.0009696504789007577,0.00012120630986259471,0.5014559627549557
KFT,20,0.0008830522575487565,4.4152612877437826e-05,0.21868917950449038
CE,18,0.0008546844146831538,4.7482467482397435e-05,0.07360310013682712
NDSN,8,0.0008368952763810439,0.00010461190954763048,0.29017702442640403
DRE,14,0.0008315374888684659,5.9395534919176136e-05,0.16862785454825238
TSCO,64,0.0007657971557326542,1.1965580558322722e-05,0.03350451973634741
RRD,25,0.0007582195579838081,3.0328782319352323e-05,0.05071493725088445
RTN1,33,0.0007490326553157726,2.269795925199311e-05,0.08761794204673809
CEG,45,0.0007188745790251697,1.5974990645003773e-05,0.029043532875482607
APOL,51,0.0006953633017621136,1.3634574544355168e-05,0.024357359556973303
ROST,91,0.0006883762322758637,7.564573981053447e-06,0.02159959571455443
PA9,13,0.0006438804418304512,4.952926475618856e-05,0.1947644603937534
LOW,55,0.0006188592005265737,1.1251985464119522e-05,0.034028638268898855
LEG,51,0.0006104380865639971,1.1969374246352885e-05,0.03457629968839603
BIO,20,0.0005962561984820529,2.9812809924102647e-05,0.05622609519736182
CI,84,0.000585946740421324,6.975556433587191e-06,0.019790074288493997
SWN,42,0.0005687763771427671,1.3542294693875407e-05,0.017223529777883075
UNS1,15,0.0005118973770887739,3.412649180591826e-05,0.07052903642552973
PTC,17,0.0004752533618979863,2.7956080111646254e-05,0.0777866568794444
HPQ,99,0.0004291724451417438,4.3350752034519575e-06,0.007808838603410668
RJF,27,0.00031855654210239705,1.1798390448236928e-05,0.03530605004694519
T3W1,21,0.00030937483988961094,1.4732135232838617e-05,0.04177354513735019
MDP,15,0.000308763057704183,2.0584203846945534e-05,0.03195581387022457
KEYS,27,0.00030381182462833623,1.1252289801049491e-05,0.02139028768633383
ACS,10,0.00019339129679678182,1.9339129679678182e-05,0.07700990093888754
AEE,84,0.0001738173911792376,2.0692546568956858e-06,0.009957269288200288
PGN,25,0.00016404238854984344,6.561695541993737e-06,0.04186707859931406
REG,23,6.829814364230633e-05,2.9694845061872316e-06,0.008783860246257226
CBRE,23,6.053864595540121e-05,2.632115041539183e-06,0.007033434984584383
AAP,39,5.839595812511195e-05,1.4973322596182551e-06,0.00279999342096998
AWK,33,5.820784488513788e-05,1.7638740874284207e-06,0.007992169423567086
SWK,53,-2.471847628217989e-05,-4.6638634494679036e-07,-0.0011110617133690986
MIL.,7,-5.891445755080494e-05,-8.41635107868642e-06,-0.05220046693370408
ABI,7,-6.352121554366558e-05,-9.074459363380796e-06,-0.04054241272578338
TER,25,-7.714119114964177e-05,-3.0856476459856707e-06,-0.005326127054419256
BDK,10,-7.9705900106853e-05,-7.970590010685299e-06,-0.012805858179036525
PFG,55,-8.804383847157079e-05,-1.600797063119469e-06,-0.003723037918521875
WTW,11,-9.342363418326507e-05,-8.493057653024097e-06,-0.03999642235984509
STI,42,-0.00012724593150243942,-3.0296650357723673e-06,-0.006658697159465876
VZ,72,-0.00013793553437021306,-1.9157713106974036e-06,-0.00823376082198381
CPWR,18,-0.00014474398804132168,-8.041332668962317e-06,-0.020561692885406296
8686,22,-0.00014786267827831363,-6.721030830832438e-06,-0.011246384675315562
SPGI,31,-0.00017843683092059825,-5.756026803890266e-06,-0.019153611487069944
LULU,12,-0.000187020034614842,-1.5585002884570167e-05,-0.01970839500911895
OTIS,13,-0.00020660178793789787,-1.5892445225992145e-05,-0.052827907018711394
HLT,33,-0.0002357365010013004,-7.1435303333727395e-06,-0.020625114032281854
AGN,30,-0.0002481796427242143,-8.27265475747381e-06,-0.019872837746656935
SYK,48,-0.0002904817559354735,-6.0517032486556975e-06,-0.020083760858311955
ACGL,11,-0.0003081493384730923,-2.8013576224826573e-05,-0.07328392883103446
CVC,23,-0.0003386745109669358,-1.4724978737692863e-05,-0.03360173007400654
PPL,88,-0.00040917207827104716,-4.649682707625536e-06,-0.02246357434255228
FI,10,-0.0004103786056219725,-4.103786056219725e-05,-0.08502207844742311
MSFT,109,-0.0004172451651937097,-3.827937295355134e-06,-0.012415286521289221
XTO,7,-0.0004200748239449953,-6.0010689134999326e-05,-0.16371275195859802
HNZ,27,-0.00042145142747260586,-1.560931212861503e-05,-0.06091539468045427
RSHCQ,18,-0.00048701836473374937,-2.705657581854163e-05,-0.04605293632773644
LUV,96,-0.0004899796526598044,-5.1039547152062965e-06,-0.009851831774008913
BAX,109,-0.0005376483183488405,-4.93255337934716e-06,-0.015023700140382658
CDW,26,-0.0005428360406240527,-2.087830925477126e-05,-0.05468860249049988
GEC,22,-0.0005459592468167121,-2.481632940075964e-05,-0.053434746156185695
UNP,82,-0.0005869315460498436,-7.157701781095654e-06,-0.02160886373006355
FBHS,23,-0.000600961844997519,-2.612877586945735e-05,-0.05190309439167305
MKC,111,-0.0006150612439621457,-5.541092287947259e-06,-0.020376668668228178
NLSN,57,-0.0006438070320301534,-1.1294860211055323e-05,-0.02284004313654725
TRV,32,-0.0006696064181131477,-2.0925200566035866e-05,-0.09887951080154503
JNS,22,-0.0007158957555384094,-3.254071616083679e-05,-0.04794950066858745
CVS,117,-0.0007302541835914831,-6.241488748645155e-06,-0.016650067359305576
CZR,18,-0.0007998541788850888,-4.4436343271393826e-05,-0.06923062885640625
NOVL,8,-0.000808902966568602,-0.00010111287082107525,-0.5872552792114163
ETFC,80,-0.0008261734245611912,-1.032716780701489e-05,-0.008239357684622119
DGX,74,-0.0008475392130878764,-1.1453232609295627e-05,-0.03381535421782345
MUR,54,-0.000852105071965867,-1.5779723554923465e-05,-0.025355502109361928
AET,51,-0.0008862808006208371,-1.737805491413406e-05,-0.04655909917663867
SNA,70,-0.0008902896145259992,-1.2718423064657131e-05,-0.03670293407698838
AMGN,86,-0.0009524891144087194,-1.107545481870604e-05,-0.042918104883571714
NSM.2,10,-0.0010630305283571275,-0.00010630305283571275,-0.44082136688315454
CRWD,6,-0.0010947317244686713,-0.00018245528741144522,-0.3485969852928453
MJN,28,-0.001095645362258014,-3.913019150921479e-05,-0.11523992228949927
CF,82,-0.001184697008984803,-1.4447524499814671e-05,-0.021942224716647966
IVZ,66,-0.0012216980619682617,-1.8510576696488812e-05,-0.03795560410175362
EMR,45,-0.0012322426485079207,-2.7383169966842682e-05,-0.06973660222253235
YUM,68,-0.001241749626075506,-1.8261023912875088e-05,-0.05287839234811736
ANSS,38,-0.0012577652554768134,-3.3099085670442456e-05,-0.08371036393357904
ADS,23,-0.0012604611666118,-5.480265941790434e-05,-0.09107247961308379
ESRX,49,-0.0012890810895336748,-2.6307777337421934e-05,-0.0802271630352885
AAL,47,-0.0012992500437837263,-2.764361795284524e-05,-0.052477066446172956
NWS,34,-0.001326378788004593,-3.90111408236645e-05,-0.09749870622957926
PBG,14,-0.0013357268784090048,-9.540906274350034e-05,-0.28052294827274443
MON,51,-0.0013809616492679293,-2.707767939741038e-05,-0.05823610345954266
CRM,87,-0.0014054319931717603,-1.6154390726112186e-05,-0.029162252365406427
KDP,15,-0.0014917981408012627,-9.945320938675084e-05,-0.3103982202455277
WHR,64,-0.0014999080786476382,-2.3436063728869347e-05,-0.038583620421403356
SBAC,48,-0.0015859282761831349,-3.3040172420481974e-05,-0.10255698808754911
TMO,79,-0.0016623927533455645,-2.1042946244880563e-05,-0.05932199941226509
ATI,41,-0.001664697000987995,-4.060236587775598e-05,-0.0674001736484912
RVTY,6,-0.0016832148481336316,-0.0002805358080222719,-0.5415442278066777
MWW,21,-0.0017268087937266623,-8.222899017746011e-05,-0.07020544866015241
ITW,47,-0.0017597656812438265,-3.74418230051878e-05,-0.1143136660749559
EXR,46,-0.0017811515378680564,-3.8720685605827314e-05,-0.09405785426217851
ZION,69,-0.0018331778491607552,-2.6567794915373263e-05,-0.04381565349214762
MTCH,21,-0.0018350185151155014,-8.738183405311911e-05,-0.15881315633387116
CTXS,79,-0.001865405184435066,-2.361272385360843e-05,-0.05052903999812443
SII,18,-0.0019238600449160352,-0.0001068811136064464,-0.24623413027227542
EKDKQ,23,-0.0019247673723631208,-8.368553792883134e-05,-0.10997335117919764
AMCR,26,-0.0019528089981444437,-7.510803839017091e-05,-0.22781889197407365
INFO,19,-0.0019580808733245325,-0.00010305688806971223,-0.3816560444419513
TE,39,-0.0019802573320347513,-5.077582902653208e-05,-0.18475079925740578
ULTA,49,-0.001992171342769285,-4.065655801569969e-05,-0.07920243170995409
MWV,15,-0.0020399538579485904,-0.00013599692386323935,-0.3739675217340098
PM,76,-0.002109562768302194,-2.7757404846081503e-05,-0.07807784856069348
PEG,58,-0.002128590437085279,-3.6699835122159986e-05,-0.15297042241175218
ADM,59,-0.0021387426196469847,-3.6249874909270925e-05,-0.11077243089701504
ROL,38,-0.0021448764452272812,-5.64441169796653e-05,-0.19098827749126487
ATVI,37,-0.0021472571813573563,-5.803397787452314e-05,-0.18665191540158005
AEP,87,-0.002148305680459558,-2.4693168740914463e-05,-0.09740871640463765
FRT,36,-0.0021716208307003817,-6.032280085278838e-05,-0.19820418108503055
SCG,48,-0.002184138628853042,-4.5502888101105046e-05,-0.14111859405209176
FLT,26,-0.0022061955405178676,-8.48536746353026e-05,-0.22578511891365421
NAVI,9,-0.0022428850021752565,-0.0002492094446861396,-0.44226736391552884
PNW,88,-0.0022632355132580755,-2.5718585377932678e-05,-0.10916298081338849
BMS,30,-0.002274860799676811,-7.582869332256037e-05,-0.24486648833886815
HOG,52,-0.0023256111996592453,-4.472329230113933e-05,-0.07258108092779826
RF,34,-0.0023844150260942873,-7.01298537086555e-05,-0.18210216399841098
XLNX,43,-0.002429357499819232,-5.649668604230772e-05,-0.13281282681944528
MTW,6,-0.002467156533539648,-0.00041119275558994137,-0.29776549079190806
PCL,37,-0.002500505957258,-6.758124208805405e-05,-0.21125546097176792
PX,40,-0.002535974285178694,-6.339935712946735e-05,-0.29360171566874443
LEN,77,-0.0025492833102526958,-3.3107575457827216e-05,-0.05609734678245683
MEE,6,-0.002550718538060297,-0.0004251197563433828,-0.8305922700309482
AYE,25,-0.0026378022417422203,-0.00010551208966968882,-0.3955859619233436
GAS.2,20,-0.0026854607542118113,-0.00013427303771059056,-0.3962014343557579
FLR,52,-0.0026867980956414824,-5.1669194146951584e-05,-0.11569116442362606
NLOK,7,-0.002691748805360517,-0.000384535543622931,-1.0265511039340802
STE,9,-0.0027153923067320933,-0.00030171025630356595,-0.7952433210399531
FB,28,-0.0027191114016203687,-9.711112148644174e-05,-0.25761476097888647
WFM,70,-0.0027199007118248446,-3.885572445464064e-05,-0.0659532933870085
LIFE,14,-0.0027434650745614773,-0.00019596179104010552,-0.34321392094268494
GM,48,-0.0027464715688685706,-5.721815768476189e-05,-0.13242063105506185
CPT,18,-0.0027950052455132687,-0.0001552780691951816,-0.4414447242037731
SHLDQ,23,-0.0028053818229939378,-0.00012197312273886686,-0.12918593177383084
MET,25,-0.0028080561992948447,-0.00011232224797179379,-0.33085064553922383
EQIX,45,-0.0028090877860895936,-6.242417302421319e-05,-0.22317565134746056
GAS,10,-0.0028143019527716202,-0.000281430195277162,-0.819266958279046
HBAN,58,-0.0028419196379562838,-4.899861444752213e-05,-0.11487007214148882
NKE,105,-0.0028616313790197504,-2.725363218114048e-05,-0.0706920732390478
LKQ,34,-0.0028737991583391823,-8.452350465703478e-05,-0.2560423502038095
DFS,19,-0.0028786622732123487,-0.00015150854069538678,-0.37303598069630556
TIE,21,-0.002887064197833012,-0.00013747924751585772,-0.20860806781261684
CTVA,32,-0.0029128991497052426,-9.102809842828883e-05,-0.3056060673166767
CINF,74,-0.0029406073947716754,-3.9737937767184804e-05,-0.1548597252841758
STT,65,-0.002967681322592068,-4.565663573218566e-05,-0.10930324893570871
SEE,78,-0.0029899748360631816,-3.833301071875874e-05,-0.09018538678102393
EBAY,82,-0.0030174342707599464,-3.6797978911706666e-05,-0.07980280891842621
AME,26,-0.003038392801440302,-0.00011686126159385777,-0.29638328899709704
TPL,6,-0.0030692725930372136,-0.000511545432172869,-0.6130922711514752
MOS,73,-0.003087622020282494,-4.22961920586643e-05,-0.08873222968942171
PCAR,45,-0.003155282656317935,-7.011739236262078e-05,-0.1385533619356582
SLG,24,-0.0031595686626036193,-0.0001316486942751508,-0.35153152098136825
BRCM,49,-0.0031905779491694436,-6.511383569733558e-05,-0.15269210011516487
PRU,42,-0.003203337355088095,-7.626993702590702e-05,-0.23430105494339654
KEY,75,-0.003224683765676541,-4.299578354235388e-05,-0.08681920418773742
ALK,24,-0.003225870783412874,-0.0001344112826422031,-0.352448966299193
WFT,8,-0.0032384280667736827,-0.00040480350834671034,-0.6822138457627733
VICI,10,-0.003281433178592882,-0.0003281433178592882,-1.128922019798528
STJ,36,-0.003291945024188594,-9.144291733857206e-05,-0.27771740649444787
TRMB,11,-0.0033249549742595075,-0.00030226863402359156,-1.0060040387246152
COL,36,-0.003339203886762238,-9.275566352117328e-05,-0.35096496144915756
LO,36,-0.0034048766482397655,-9.457990689554904e-05,-0.31823353622112927
ANTM,67,-0.003417317727260455,-5.100474219791724e-05,-0.1386704861376061
CTLT,15,-0.003429180193557655,-0.00022861201290384368,-0.3798582441483659
BXP,65,-0.0034602065586569527,-5.323394705626081e-05,-0.14638508139571796
ABMD,23,-0.0035336098577519416,-0.00015363521120660616,-0.4724681258643989
D,72,-0.003570230259667009,-4.958653138426401e-05,-0.2116702364360805
QEP,27,-0.0035973110455719,-0.0001332337424285889,-0.20550439846385096
CBG,33,-0.003620407237899052,-0.0001097093102393652,-0.14462474095143665
DPZ,11,-0.0036279541825157313,-0.0003298140165923392,-0.6799994805189953
LTR,13,-0.003635436195305249,-0.0002796489381004038,-0.9608341765637032
SO,102,-0.0036455900140028373,-3.5741078568655266e-05,-0.18322836721730332
WIN,38,-0.0036758491567917776,-9.673287254715204e-05,-0.20111852435623875
CPRT,36,-0.0037195874256134532,-0.00010332187293370703,-0.34337614544031037
V,57,-0.0037340261638082743,-6.550923094400482e-05,-0.3050888611825888
KORS,21,-0.0038017651234023217,-0.00018103643444772962,-0.2938709835938639
BEN,86,-0.003821124072760022,-4.443167526465142e-05,-0.1084584564513754
EDS.,6,-0.0038581089811140826,-0.0006430181635190137,-1.5465847910103112
JPM,71,-0.003947878535644466,-5.5603923037246005e-05,-0.16259431396543503
MDT,55,-0.003959206124194479,-7.198556589444508e-05,-0.21946031535846752
MDLZ,43,-0.003963761810917826,-9.218050723064711e-05,-0.43010562611695297
GL,28,-0.004030188744422118,-0.00014393531230078995,-0.4872176543278172
PEP,65,-0.004047125389575432,-6.226346753192973e-05,-0.3207322779155473
LHX,26,-0.00405536314928997,-0.00015597550574192193,-0.3565321953060149
J,33,-0.004060544695395109,-0.00012304680895136694,-0.446160247455889
KVUE,8,-0.004064155412788118,-0.0005080194265985147,-0.9789660257337683
JKHY,32,-0.00411466361936718,-0.00012858323810522438,-0.39516774285863987
AVB,94,-0.004226611244179359,-4.496394940616339e-05,-0.1360400791253871
WRK,40,-0.004228366171420233,-0.00010570915428550583,-0.2922421834181848
LSI,24,-0.004231745196408834,-0.00017632271651703475,-0.24705964446601192
MWZ,11,-0.004240865486666848,-0.00038553322606062256,-0.4139235828317148
HFC,16,-0.004245115491016364,-0.00026531971818852273,-0.5852462645752001
EA,91,-0.004248986375760764,-4.6692157975393014e-05,-0.10525627022526761
TSS,55,-0.00438177433520289,-7.966862427641619e-05,-0.21934547425312761
MCD,90,-0.00440203061673927,-4.8911451297103e-05,-0.2478856837685814
UTX,22,-0.004408545847509023,-0.0002003884476140465,-0.6677924775523751
O,48,-0.004422007637221861,-9.212515910878877e-05,-0.32114359485865224
CHRW,88,-0.004426622334716095,-5.030252653086471e-05,-0.14203836337673728
GNRC,13,-0.004461173685036342,-0.00034316720654125704,-0.4555092665481822
NWSA,38,-0.00446425792182914,-0.00011748047162708264,-0.28481955370307466
BALL,11,-0.004486728886731715,-0.0004078844442483377,-1.4993498692580234
LMT,53,-0.00455190554107832,-8.588501020902492e-05,-0.34757374538168717
CVH,14,-0.004596503409412566,-0.0003283216721008976,-0.7625373276979724
WLTW,9,-0.004617559724455083,-0.0005130621916061203,-2.036163619863071
CTRA,9,-0.004631292478656269,-0.0005145880531840298,-1.6812099788063593
ICE,59,-0.004644986764493,-7.872858922869493e-05,-0.3136026791147934
PFE,92,-0.004658813521646039,-5.063927740919608e-05,-0.19826886417339284
PLTR,6,-0.004824347664277735,-0.0008040579440462891,-1.0686729361716372
DHI,78,-0.004827732796644985,-6.189401021339724e-05,-0.11215707366246838
TEG,32,-0.0048898802702854564,-0.00015280875844642051,-0.4694994251696818
HAR,41,-0.004892491880078193,-0.00011932907024580959,-0.1662509845662306
MFE,6,-0.0049249304200909925,-0.0008208217366818321,-0.9637654613400694
MOH,16,-0.004927328890308001,-0.00030795805564425005,-0.49914360116489825
RDC,20,-0.004980944058809957,-0.00024904720294049786,-0.6548713216098379
WMT,107,-0.004988275896494654,-4.66194009018192e-05,-0.1883203926608255
FO,15,-0.0050143329683398925,-0.00033428886455599285,-0.5309447278439318
CARR,22,-0.005028286190581138,-0.00022855846320823356,-0.5698931444502232
CTL,29,-0.005084966527047474,-0.0001753436733464646,-0.38043307494743117
AKS,16,-0.005091629388430913,-0.00031822683677693205,-0.36995760891357304
CTSH,86,-0.005099504378335114,-5.929656253878039e-05,-0.15377290017263848
KMX,38,-0.005105190595871563,-0.0001343471209439885,-0.2388109659351539
VMC,83,-0.00512577905494369,-6.175637415594807e-05,-0.15124143010131275
FTV,38,-0.005135160023671602,-0.0001351357900966211,-0.44534304358199245
IP,84,-0.005146952059434913,-6.127323880279658e-05,-0.13187370862493017
DLR,29,-0.005153742237666126,-0.000177715249574694,-0.6855925649900134
HCA,37,-0.005160826961795969,-0.00013948180977826942,-0.32884992868926816
MTD,28,-0.0051829167149061535,-0.00018510416838950547,-0.539465965195083
COF,53,-0.005226730275868031,-9.861755237486851e-05,-0.1987648048015397
AG4,38,-0.0052663802237189255,-0.0001385889532557612,-0.4653923815478489
MRK,89,-0.00527894954148093,-5.931403979192057e-05,-0.19747181159174762
GPC,72,-0.005440230185500114,-7.555875257639047e-05,-0.22600371146591533
TECH,19,-0.0054959588753729135,-0.00028926099344067966,-0.5172800276357749
MOS*,9,-0.005508266781832157,-0.0006120296424257952,-1.7109797928813733
WST,27,-0.005533159002468515,-0.0002049318149062413,-0.35854417871594213
CHD,47,-0.005550175605397809,-0.0001180888426680385,-0.4225253144229623
GMCR,7,-0.005580814998888712,-0.0007972592855555303,-0.6539151925451439
HCN,16,-0.005598405874919731,-0.0003499003671824832,-0.8512182969337461
HUM,108,-0.0056550436799038,-5.236151555466482e-05,-0.12103036825683645
UDR,55,-0.005707049761676236,-0.00010376454112138611,-0.3785602282358899
SPLS,62,-0.005725371621333623,-9.234470356989715e-05,-0.14681808273023367
HSIC,35,-0.005730101456182531,-0.000163717184462358,-0.5134086943179139
FTI,58,-0.005741131981416337,-9.898503416235064e-05,-0.1618437553684448
EXPD,55,-0.00574846052926157,-0.00010451746416839217,-0.34184469685470986
SCHW,43,-0.005751865972078593,-0.0001337643249320603,-0.4054441759198683
ETR,113,-0.005765356176891324,-5.102085112293207e-05,-0.20862088694651545
FCX*,44,-0.005774361948338604,-0.00013123549882587736,-0.17170151896436156
GENZ,24,-0.005827996400359239,-0.00024283318334830163,-0.6667501250727249
ALTR,49,-0.005882545540151652,-0.0001200519497990133,-0.2854773663384138
BDX,62,-0.005913895641862582,-9.538541357842874e-05,-0.45218008779791835
RE,22,-0.005975922474601485,-0.00027163283975461296,-1.2065493635254718
HII,36,-0.005977336899854791,-0.00016603713610707752,-0.33365907073303375
ANF,26,-0.005978545633363714,-0.0002299440628216813,-0.25798449884324465
SWG,36,-0.005998780705863862,-0.00016663279738510727,-0.446645692227766
MRO,83,-0.00607208697695728,-7.315767442117204e-05,-0.10542384858268787
IGT,38,-0.006107615398888614,-0.00016072672102338459,-0.3559179931630351
EXC,111,-0.006111075430288637,-5.5054733606203933e-05,-0.20338916612252295
ARG,18,-0.006145871677071261,-0.00034143731539284784,-0.7607253570436219
SLM,12,-0.006181887979650243,-0.0005151573316375203,-1.056323399763285
TRIP,30,-0.006204393397498937,-0.00020681311324996458,-0.25839626619749656
PDCO,29,-0.006219193454270154,-0.00021445494669897083,-0.7325352724254324
DVA,72,-0.006236050636995436,-8.661181440271439e-05,-0.19194747141947915
CRL,17,-0.006301019549700028,-0.000370648208805884,-0.554172798941476
CEPH,11,-0.006355769159262414,-0.0005777971962965831,-0.964584109887749
LH,37,-0.006372383749765319,-0.0001722265878314951,-0.5298404941794209
KG,18,-0.00642557082836633,-0.00035697615713146274,-1.0223933269479424
URBN,32,-0.0064286680800232894,-0.0002008958775007278,-0.3382222753482946
ELV,20,-0.006429031382668159,-0.000321451569133408,-0.6558861254898173
HON,14,-0.006432134125768649,-0.00045943815184061777,-1.1075695381100796
XOM,99,-0.006440768413104435,-6.505826679903469e-05,-0.22461317426409239
ZBRA,30,-0.006531727980847068,-0.0002177242660282356,-0.43960354611014285
IDXX,45,-0.0065885758832666,-0.00014641279740592445,-0.33420583546670524
CL,91,-0.006614605217576008,-7.268796942391217e-05,-0.2903015471211054
QCI,30,-0.006625210356619445,-0.00022084034522064816,-0.6159990701715135
ITT,14,-0.006638941560738611,-0.00047421011148132935,-1.3699548353685855
DECK,10,-0.006642542585512341,-0.0006642542585512341,-1.0615086281848767
XRAY,52,-0.006672624891096211,-0.0001283197094441579,-0.3516377935429257
OKE,93,-0.006707609227249031,-7.212483040052722e-05,-0.1560361439314204
A,52,-0.006739636318706789,-0.00012960839074436132,-0.3237723999113666
SYF,31,-0.0068102600537297735,-0.0002196858081848314,-0.3867928714069924
PTV,19,-0.006840976465278165,-0.00036005139290937714,-1.163559843451901
MI,21,-0.006884489664855932,-0.00032783284118361583,-0.7860163870276266
CAG,120,-0.006894527431285173,-5.745439526070977e-05,-0.19852027917635015
COO,33,-0.006895119190144116,-0.0002089430057619429,-0.5502484378972193
JCI,83,-0.006914320960186615,-8.330507180947729e-05,-0.2017054600366929
BMC,31,-0.006931170853983846,-0.00022358615658012407,-0.6024490168311818
XYL,52,-0.007069929674911843,-0.000135960186055997,-0.3267492683640121
USX1,47,-0.007093697857307151,-0.000150929741644833,-0.2037009294765455
ALLE,29,-0.007105146946251723,-0.00024500506711212837,-0.7968310936873292
LYB,48,-0.007148522897084923,-0.0001489275603559359,-0.2600555289877197
RHT,41,-0.007193680694282943,-0.0001754556266898279,-0.3729797487114522
DOW,48,-0.0072455726220590645,-0.0001509494296262305,-0.22631610584540732
ABT,96,-0.007349160515782876,-7.655375537273829e-05,-0.27166667998299177
FLIR,42,-0.007358883952008867,-0.00017521152266687778,-0.48915156248659325
RMD,33,-0.007362139044649828,-0.00022309512256514632,-0.6536310907286167
STR,14,-0.007433624084704087,-0.0005309731489074348,-2.0880009335361738
IEX,20,-0.007462964167879111,-0.00037314820839395553,-1.3565259732726787
FAST,87,-0.007568659162986455,-8.699608233317765e-05,-0.26112939200802104
NTRS,89,-0.007645775241734039,-8.590758698577572e-05,-0.24745245619912173
CB,70,-0.007754592148006645,-0.00011077988782866636,-0.47354359727129086
PRU*,10,-0.00775821353097383,-0.000775821353097383,-1.9028389233574186
VAR,37,-0.0077789525641348825,-0.00021024196119283467,-0.7750759284233807
HPE,31,-0.007791830294592555,-0.0002513493643416953,-0.49285779454318246
AIG,39,-0.007825536929331349,-0.00020065479305977817,-0.586672822787081
WRB,26,-0.007859750741626962,-0.00030229810544719085,-0.87429895328263
CFG,33,-0.007864734592345681,-0.00023832529067714184,-0.4672231164992967
TSN,90,-0.007904591198936462,-8.782879109929402e-05,-0.21994361159340034
MAS,58,-0.007973179765890542,-0.0001374686166532852,-0.26020596210643576
COG,81,-0.007979833815643916,-9.851646685980143e-05,-0.16797721874826127
PETM,8,-0.008012794079708776,-0.001001599259963597,-2.793086305155354
AA,51,-0.008084058222219033,-0.00015851094553370653,-0.343415606064816
LUK,52,-0.008274709616827264,-0.00015912903109283202,-0.42699495468945925
FE,115,-0.008281331081959536,-7.20115746257351e-05,-0.2371212119339968
GOOGL,93,-0.0082818194316909,-8.905182184613871e-05,-0.1441596815819422
ORCL,48,-0.008284946579813627,-0.00017260305374611724,-0.4056365622726124
BNI,19,-0.008285304781583706,-0.0004360686727149319,-1.4879753921023835
CAM,25,-0.008361961559976294,-0.00033447846239905175,-0.6648355193733663
VTR,83,-0.008381987874834417,-0.00010098780572089659,-0.2865726314647913
WFC,49,-0.008389550091297009,-0.00017121530798565324,-0.5460322921299696
RCL,52,-0.008419703596983063,-0.00016191737686505888,-0.25773276681102275
SYY,41,-0.00845363207585081,-0.0002061861481914832,-0.6641143949171073
CVX,81,-0.008514259914408141,-0.0001051143199309647,-0.31504070208990065
COP,114,-0.008533847959963823,-7.485831543827914e-05,-0.19888636350260755
PLD,41,-0.008575486424996906,-0.0002091582054877294,-0.7006854929808428
OMC,59,-0.008758646031279094,-0.00014845162764879822,-0.43963091835867535
SUN,22,-0.008811494370634783,-0.00040052247139249014,-1.1324311157841267
IPG,64,-0.008912904709485983,-0.00013926413608571849,-0.40829486359666795
SJM,81,-0.008932708842873985,-0.00011028035608486401,-0.41516361602702717
FDO,39,-0.009048958010243543,-0.00023202456436521905,-0.6344192245770222
GILD,121,-0.00906924151450074,-7.495240921074992e-05,-0.21093877041980877
BJS,7,-0.009094457085899413,-0.0012992081551284876,-2.839883781521563
DLPH,7,-0.009135736792823769,-0.0013051052561176813,-1.8273587604846568
APC,21,-0.00914958176933225,-0.0004356943699682024,-0.6724366055565862
BCR,43,-0.009153972676334388,-0.00021288308549614855,-0.907042406051544
NYX,21,-0.009210535555759045,-0.0004385969312266212,-0.7657797204618928
SLBA,26,-0.009249084456568723,-0.00035573401756033553,-0.8334633113166006
HST,69,-0.009260873240884841,-0.00013421555421572233,-0.21511765965849705
INCY,41,-0.009346077656671354,-0.00022795311357735008,-0.5682143544832792
IFF,86,-0.009371661050879224,-0.00010897280291720028,-0.3219204387646866
VRSN,104,-0.00945120253346413,-9.087694743715509e-05,-0.21233545470539422
NCLH,23,-0.009498728497333875,-0.00041298819553625547,-0.5993644499384998
MRNA,29,-0.009610274033876773,-0.00033138875978885423,-0.31322062144411617
PAYX,51,-0.009628565378029336,-0.00018879539956920266,-0.6969382125003983
C,49,-0.009654400083980965,-0.00019702857314246868,-0.45373372068939427
SE,39,-0.009665744758938758,-0.0002478396092035579,-1.0111598403487951
TAP,105,-0.00972148399760446,-9.258556188194724e-05,-0.2876800947025458
FHI,28,-0.009837595146419924,-0.00035134268380071157,-0.8169182904338159
MX4A,38,-0.009962267634598454,-0.0002621649377525909,-0.6108982483435522
FDX,86,-0.009966377783173235,-0.00011588811375782831,-0.31269084793073043
INCO,25,-0.010080833548859924,-0.00040323334195439695,-1.0899908482833676
LXK,31,-0.010211508850773493,-0.00032940351131527395,-0.5076095880619478
CNX,54,-0.010301920843555502,-0.00019077631191769448,-0.3234604307440122
AKAM,81,-0.010367092306037762,-0.00012798879390170078,-0.23725556296695346
AAPL,55,-0.01038493911687036,-0.00018881707485218836,-0.7163329715181952
MLM,44,-0.010405438007778572,-0.00023648722744951301,-0.7294135110056125
ADM*,30,-0.010516184265235682,-0.00035053947550785604,-1.0799292802025988
EOG,85,-0.010568851708468194,-0.0001243394318643317,-0.2638428945046383
EMN,70,-0.010616860147249602,-0.0001516694306749943,-0.30456754115001855
IRM,89,-0.010690646435852312,-0.00012011962287474509,-0.2871741176815541
TIF,42,-0.01072471797742743,-0.00025535042803398646,-0.4778072214250163
USB,50,-0.010813222503021757,-0.00021626445006043513,-0.7019945894151236
FSLR,44,-0.01087723508011942,-0.0002472098881845323,-0.23469940011854504
BKR,19,-0.010951855648010303,-0.000576413455158437,-1.345598678338657
HOLX,30,-0.011054925470870235,-0.0003684975156956745,-1.5899586684676859
ESS,53,-0.011288478274445396,-0.00021299015612161125,-0.8656748802165242
KO,77,-0.011294702774942166,-0.00014668445162262553,-0.783726344286236
LDOS,51,-0.011320850390394368,-0.0002219774586351837,-0.7402413000865504
WFC*,30,-0.011422271363111114,-0.0003807423787703705,-1.0549675382132395
WY,58,-0.011433020849839222,-0.000197121049135159,-0.4589849834446121
AIZ,75,-0.0114348388774882,-0.00015246451836650933,-0.45627768351369646
LYV,17,-0.011563169309074499,-0.0006801864299455587,-1.5234589866736694
MTB,39,-0.01167657400111808,-0.00029939933336200206,-0.8479174856374967
TYC,37,-0.011685406026273394,-0.0003158217844938755,-0.6817684737279928
POM,35,-0.011740639484572418,-0.0003354468424163548,-0.6366638727716539
VLO,100,-0.011779746862419309,-0.00011779746862419309,-0.22971340782754626
ALGN,48,-0.011798199976683799,-0.00024579583284757914,-0.3685943780013878
UHS,33,-0.011852465929347817,-0.00035916563422266115,-0.9240224907220491
ALXN,31,-0.01186810746684393,-0.0003828421763498042,-0.7217611322824997
HRB,60,-0.011943773112424864,-0.00019906288520708107,-0.460757170894476
CMG,100,-0.012615291284030251,-0.00012615291284030251,-0.21939120819193444
ABBV,40,-0.012711708392859053,-0.00031779270982147635,-1.0369918776609792
EIX,85,-0.012969089814742962,-0.00015257752723227014,-0.5273508924380745
NSC,70,-0.013093982828917862,-0.00018705689755596947,-0.5455454833473533
KIM,63,-0.013119959103833616,-0.0002082533191084701,-0.5991192438207226
VRTX,57,-0.013213258499001016,-0.0002318115526140529,-0.312829136275006
GME,41,-0.013270406878561961,-0.0003236684604527308,-0.6048383310616297
QCOM,33,-0.013270541058259788,-0.0004021376078260542,-0.9420059905189132
JNJ,61,-0.013291163439363209,-0.00021788792523546243,-0.9045857396605888
DD,38,-0.013381107410331567,-0.00035213440553504124,-0.8440155228244202
TROW,49,-0.013480325491101789,-0.00027510868349187327,-0.8194483723810194
SMCI,8,-0.013514088608435663,-0.001689261076054458,-1.7458194490334595
EMC,36,-0.013620380116857848,-0.0003783438921349402,-0.6926913535089692
WAG,22,-0.013725549019451614,-0.0006238885917932552,-1.5329033775708991
PNC,58,-0.013741141648743125,-0.00023691623532315733,-0.6062962896110977
ZBH,50,-0.013756673477743443,-0.00027513346955486883,-0.7412151437139627
MHS,27,-0.013758681336469798,-0.0005095807902396221,-0.8563251030212558
FLS,58,-0.014099512206029164,-0.0002430950380349856,-0.518281034586353
R,44,-0.014259430196268748,-0.0003240779590061079,-0.7569455804265488
GT,50,-0.014423450451996132,-0.00028846900903992264,-0.45728468385819865
HES,86,-0.014606184925917644,-0.00016983935960369353,-0.3343370844087617
PG,63,-0.014855382853968467,-0.0002357997278407693,-1.1927711804667085
SYMC,54,-0.014884063357553708,-0.00027563080291766125,-0.6134264443570899
APA,110,-0.015092012523229621,-0.00013720011384754202,-0.2105631114331477
CELG,59,-0.015163738658693748,-0.0002570125196388771,-0.4525449197562408
FL,10,-0.015172504985895811,-0.001517250498589581,-1.76912038552459
ILMN,40,-0.015270910798722559,-0.000381772769968064,-0.6021490422653124
DHR,91,-0.01554547278684989,-0.00017082937128406472,-0.625005639071321
APD,77,-0.015719921382981755,-0.00020415482315560722,-0.8259678411743745
TSO,59,-0.016003150217956605,-0.0002712398342026543,-0.4312897363272324
BHI,43,-0.016023767082587966,-0.0003726457461066969,-0.6935773012347322
EPAM,14,-0.016065577433380607,-0.0011475412452414718,-1.8188188192760977
FFIV,64,-0.01606741782664672,-0.000251053403541355,-0.4585824546284317
PCS,22,-0.0161304466843426,-0.0007332021220155727,-0.9359029530432008
UAL,36,-0.016195364892228472,-0.00044987124700634644,-0.7700888388553454
AAZ,29,-0.016234710203726996,-0.0005598175932319654,-1.541645667687561
DISCK,26,-0.016317776583050753,-0.0006276067916557982,-1.2057853870330713
HAL,97,-0.016449981626711293,-0.00016958743945063188,-0.29952397534207487
DAL,34,-0.01663880362920993,-0.0004893765773297038,-0.8619609452763306
AES,87,-0.01671826185814176,-0.00019216392940392827,-0.4164154532866129
DVN,122,-0.01724238381478247,-0.00014133101487526616,-0.2545038856539652
DXCM,29,-0.0176952292116076,-0.0006101803176416414,-1.1481491415069127
WU,52,-0.01798316386569424,-0.00034583007434027383,-0.9110654246026578
PSX,52,-0.01802512043748052,-0.00034663693149001,-0.9378728728934758
CERN,51,-0.018283550613325747,-0.0003585009924181519,-0.7852310567783762
WMB,89,-0.01860591640810885,-0.00020905524054054886,-0.4506612718912159
WAT,42,-0.018921832927316865,-0.0004505198316027825,-1.0593291007182442
TFC,49,-0.019555621164392988,-0.0003990943094774079,-1.020556280401451
BMY,95,-0.019608145101348038,-0.00020640152738261093,-0.7231507944909688
THC,21,-0.019827971292252118,-0.0009441891091548628,-0.7248829919339312
JAVA,22,-0.01992943724457535,-0.0009058835111170614,-1.7098589544983023
DRI,75,-0.020171265339636063,-0.00026895020452848085,-0.8719470471658349
CCL,80,-0.020177578789561022,-0.00025221973486951277,-0.432667303728857
TGT,96,-0.02034157862070291,-0.00021189144396565533,-0.5606272811040584
SWY,33,-0.020364496680051733,-0.0006171059600015677,-1.57899807958417
PKI,51,-0.020443237520192697,-0.0004008477945135823,-1.2495082106224815
NBL,56,-0.020493952686688056,-0.0003659634408337153,-0.6854539268585581
CIEN,10,-0.020752013765739322,-0.0020752013765739322,-2.5865499833077648
OXY,102,-0.02095252861233084,-0.00020541694717971412,-0.4322748024875533
DLTR,73,-0.021568651846857436,-0.0002954609842035265,-0.7076879027546805
FTNT,43,-0.02183095293019729,-0.00050769657977203,-1.0359430132899354
BBY,90,-0.022425237119476433,-0.00024916930132751593,-0.35466613921091866
DNB,21,-0.022847391575762366,-0.0010879710274172556,-3.167501674402208
HP,47,-0.023282636616148877,-0.0004953752471521037,-0.6620881984829735
CA,38,-0.023757842257242496,-0.000625206375190592,-1.5387286458206881
NFX,43,-0.02403748934127233,-0.0005590113800295891,-0.8528449937132967
CNC,55,-0.024589719906532727,-0.0004470858164824132,-0.875478078523041
K,93,-0.027022204295192274,-0.0002905613365074438,-0.9591223059142615
REGN,82,-0.027422438252642747,-0.00033441997869076523,-0.7880380131882346
NBR,28,-0.03018314848632403,-0.0010779695887972868,-1.3126667365853824
TSLA,23,-0.0321248245083184,-0.0013967315003616694,-1.788389019108024
XRX,62,-0.03368411683693022,-0.0005432922070472616,-0.4276086760894689
JNPR,70,-0.03659598335871578,-0.0005227997622673683,-0.8816985506640656
